sourceSystemName,lastEventType,flightDate,flightNumber,Etd,Origin,Destination,FleetType,AircraftRegistration,Delay,AirlineCode,AirlineName
VISOPS,IN,2025-02-18,1351,2025-02-18T07:26:00Z,SJO,LAX,737-M8E,N804AK,,AS,Alaska Airlines
VISOPS,IN,2025-02-18,1354,2025-02-18T08:08:00Z,GUA,LAX,737-M8E,N805AK,,AS,Alaska Airlines
OPS360,IRROP,2025-02-18,7097,2025-02-18T09:15:00Z,SEA,ANC,737-800F,N584AS,,AS,Alaska Airlines
VISOPS,IN,2025-02-18,118,2025-02-18T09:35:00Z,ANC,SEA,737-800E,N589AS,,AS,Alaska Airlines
VISOPS,IN,2025-02-18,150,2025-02-18T09:55:00Z,ANC,LAX,737-M9E,N934AK,,AS,Alaska Airlines
VISOPS,IN,2025-02-18,172,2025-02-18T10:34:00Z,ANC,SEA,737-700W,N611AS,,AS,Alaska Airlines
VISOPS,IN,2025-02-18,210,2025-02-18T10:46:00Z,FAI,SEA,737-M9E,N933AK,,AS,Alaska Airlines
VISOPS,IN,2025-02-18,198,2025-02-18T10:49:00Z,ANC,PDX,737-M9E,N984AK,,AS,Alaska Airlines
VISOPS,IN,2025-02-18,190,2025-02-18T10:59:00Z,ANC,SEA,737-900E,N487AS,,AS,Alaska Airlines
VISOPS,BAGCAROUSEL,2025-02-18,100,2025-02-18T11:34:00Z,ANC,SEA,737-M9E,N724AL,,AS,Alaska Airlines
VISOPS,IN,2025-02-18,519,2025-02-18T12:00:00Z,FLL,SEA,737-M9E,N903AK,,AS,Alaska Airlines
VISOPS,IN,2025-02-18,1021,2025-02-18T12:45:00Z,MCO,SAN,737-900E,N408AS,,AS,Alaska Airlines
VISOPS,IN,2025-02-18,459,2025-02-18T12:00:00Z,BOS,SEA,737-900R,N265AK,,AS,Alaska Airlines
VISOPS,IN,2025-02-18,308,2025-02-18T12:00:00Z,IAD,SEA,737-M9E,N291BT,,AS,Alaska Airlines
VISOPS,IN,2025-02-18,359,2025-02-18T12:04:00Z,TPA,SEA,737-M9E,N943AK,,AS,Alaska Airlines
VISOPS,IN,2025-02-18,3372,2025-02-18T12:00:00Z,AUS,SAN,E175,N193SY,,OO,SkyWest
VISOPS,IN,2025-02-18,395,2025-02-18T12:08:00Z,MCO,SEA,737-M9E,N912AK,,AS,Alaska Airlines
OPS360,IRROP,2025-02-18,9801,2025-02-18T12:30:00Z,ANC,SEA,737-700W,N607AS,,AS,Alaska Airlines
VISOPS,IN,2025-02-18,9802,2025-02-18T12:30:00Z,ANC,SEA,737-700W,N607AS,,AS,Alaska Airlines
VISOPS,IN,2025-02-18,504,2025-02-18T13:20:00Z,STL,SEA,737-800,N525AS,,AS,Alaska Airlines
VISOPS,IN,2025-02-18,387,2025-02-18T13:00:00Z,MSP,SEA,737-M9E,N913AK,,AS,Alaska Airlines
VISOPS,IN,2025-02-18,1,2025-02-18T13:00:00Z,DCA,SEA,737-800E,N586AS,,AS,Alaska Airlines
VISOPS,IN,2025-02-18,291,2025-02-18T13:40:00Z,MCI,SEA,737-900R,N270AK,,AS,Alaska Airlines
VISOPS,IN,2025-02-18,1320,2025-02-18T13:00:00Z,GDL,LAX,737-M9E,N953AK,,AS,Alaska Airlines
VISOPS,IN,2025-02-18,377,2025-02-18T13:07:00Z,ATL,SEA,737-900E,N448AS,,AS,Alaska Airlines
VISOPS,IN,2025-02-18,2026,2025-02-18T13:00:00Z,ALW,SEA,E175,N663QX,,QX,Horizon Airlines
VISOPS,IN,2025-02-18,2023,2025-02-18T13:00:00Z,GEG,SEA,E175,N659QX,,QX,Horizon Airlines
VISOPS,IN,2025-02-18,383,2025-02-18T13:00:00Z,BNA,SEA,737-900R,N236AK,,AS,Alaska Airlines
VISOPS,IN,2025-02-18,2249,2025-02-18T13:02:00Z,EAT,SEA,E175,N660QX,,QX,Horizon Airlines
VISOPS,IN,2025-02-18,605,2025-02-18T13:08:00Z,PHX,SEA,737-900E,N479AS,,AS,Alaska Airlines
VISOPS,IN,2025-02-18,723,2025-02-18T13:15:00Z,AUS,SEA,737-900R,N266AK,,AS,Alaska Airlines
VISOPS,IN,2025-02-18,2040,2025-02-18T13:16:00Z,YKM,SEA,E175,N649QX,,QX,Horizon Airlines
VISOPS,IN,2025-02-18,3303,2025-02-18T13:20:00Z,BLI,SEA,E175,N409SY,,OO,SkyWest
VISOPS,IN,2025-02-18,453,2025-02-18T13:25:00Z,IAH,SEA,737-900E,N467AS,,AS,Alaska Airlines
VISOPS,IN,2025-02-18,7005,2025-02-18T19:20:00Z,KTN,SEA,737-700F,N625AS,,AS,Alaska Airlines
VISOPS,IN,2025-02-18,2122,2025-02-18T13:30:00Z,BOI,SEA,E175,N641QX,,QX,Horizon Airlines
VISOPS,GATEIN,2025-02-18,2331,2025-02-18T13:30:00Z,FCA,SEA,E175,N647QX,,QX,Horizon Airlines
VISOPS,IN,2025-02-18,2430,2025-02-18T13:31:00Z,MSO,SEA,E175,N636QX,,QX,Horizon Airlines
VISOPS,IN,2025-02-18,2292,2025-02-18T13:45:00Z,PDX,SEA,E175,N642QX,,QX,Horizon Airlines
VISOPS,IN,2025-02-18,333,2025-02-18T13:45:00Z,ORD,SEA,737-M9E,N709AL,,AS,Alaska Airlines
VISOPS,IN,2025-02-18,2452,2025-02-18T13:47:00Z,MFR,SEA,E175,N654QX,,QX,Horizon Airlines
VISOPS,IN,2025-02-18,3360,2025-02-18T14:00:00Z,STS,SAN,E175,N195SY,,OO,SkyWest
VISOPS,IN,2025-02-18,2067,2025-02-18T14:00:00Z,PUW,SEA,E175,N655QX,,QX,Horizon Airlines
VISOPS,IN,2025-02-18,3311,2025-02-18T14:00:00Z,YYJ,SEA,E175,N173SY,,OO,SkyWest
VISOPS,ETA,2025-02-18,5,2025-02-18T14:26:00Z,DCA,LAX,737-800,N526AS,,AS,Alaska Airlines
VISOPS,PAXGATEARRIVAL,2025-02-18,2043,2025-02-18T14:00:00Z,RDM,PDX,E175,N648QX,,QX,Horizon Airlines
VISOPS,IN,2025-02-18,1091,2025-02-18T13:55:00Z,ONT,SEA,737-M9E,N968AK,,AS,Alaska Airlines
VISOPS,IN,2025-02-18,3495,2025-02-18T14:00:00Z,EUG,SEA,E175,N192SY,,OO,SkyWest
VISOPS,IN,2025-02-18,543,2025-02-18T14:00:00Z,DFW,SEA,737-M9E,N928AK,,AS,Alaska Airlines
VISOPS,BAGCAROUSEL,2025-02-18,966,2025-02-18T14:00:00Z,GEG,SEA,737-M9E,N955AK,,AS,Alaska Airlines
VISOPS,PAXGATEDEPARTURE,2025-02-18,2069,2025-02-18T14:00:00Z,RDM,SEA,E175,N644QX,,QX,Horizon Airlines
VISOPS,IN,2025-02-18,3403,2025-02-18T14:00:00Z,GEG,PDX,E175,N177SY,,OO,SkyWest
VISOPS,IN,2025-02-18,3401,2025-02-18T14:00:00Z,SFO,SAN,E175,N184SY,,OO,SkyWest
VISOPS,IN,2025-02-18,604,2025-02-18T14:00:00Z,SEA,PHX,737-900E,N453AS,,AS,Alaska Airlines
VISOPS,PAXGATEARRIVAL,2025-02-18,1331,2025-02-18T15:00:00Z,LIR,LAX,737-900E,N428AS,,AS,Alaska Airlines
VISOPS,IN,2025-02-18,643,2025-02-18T14:00:00Z,DEN,SEA,737-900E,N440AS,,AS,Alaska Airlines
VISOPS,IN,2025-02-18,3498,2025-02-18T14:00:00Z,YVR,SEA,E175,N185SY,,OO,SkyWest
VISOPS,IN,2025-02-18,799,2025-02-18T13:55:00Z,PHX,SEA,737-M9E,N931AK,,AS,Alaska Airlines
VISOPS,IN,2025-02-18,1089,2025-02-18T13:55:00Z,LAS,PDX,737-900W,N318AS,,AS,Alaska Airlines
VISOPS,IN,2025-02-18,1460,2025-02-18T14:00:00Z,ANC,SEA,737-900R,N296AK,,AS,Alaska Airlines
VISOPS,IN,2025-02-18,3398,2025-02-18T14:00:00Z,SMF,SAN,E175,N182SY,,OO,SkyWest
VISOPS,IN,2025-02-18,2098,2025-02-18T14:00:00Z,MFR,PDX,E175,N622QX,,QX,Horizon Airlines
VISOPS,IN,2025-02-18,2160,2025-02-18T14:00:00Z,PSC,SEA,E175,N657QX,,QX,Horizon Airlines
VISOPS,IN,2025-02-18,286,2025-02-18T14:00:00Z,LAX,EWR,737-900E,N442AS,,AS,Alaska Airlines
VISOPS,IN,2025-02-18,3310,2025-02-18T14:05:00Z,FAT,SAN,E175,N196SY,,OO,SkyWest
VISOPS,IN,2025-02-18,1072,2025-02-18T14:08:00Z,FAI,ANC,737-700W,N618AS,,AS,Alaska Airlines
VISOPS,IN,2025-02-18,2059,2025-02-18T14:10:00Z,LAS,LAX,E175,N662QX,,QX,Horizon Airlines
VISOPS,IN,2025-02-18,1017,2025-02-18T14:12:00Z,RNO,SEA,737-M9E,N967AK,,AS,Alaska Airlines
VISOPS,IN,2025-02-18,2180,2025-02-18T14:15:00Z,SAN,SFO,E175,N661QX,,QX,Horizon Airlines
VISOPS,IN,2025-02-18,195,2025-02-18T14:15:00Z,SJC,SAN,737-M9E,N979AK,,AS,Alaska Airlines
VISOPS,IN,2025-02-18,280,2025-02-18T14:15:00Z,SEA,EWR,737-M9E,N973AK,,AS,Alaska Airlines
VISOPS,IN,2025-02-18,1245,2025-02-18T14:15:00Z,SAN,SEA,737-M9E,N978AK,,AS,Alaska Airlines
VISOPS,IN,2025-02-18,3363,2025-02-18T14:15:00Z,SJC,LAX,E175,N191SY,,OO,SkyWest
VISOPS,IN,2025-02-18,3399,2025-02-18T14:20:00Z,SBP,SAN,E175,N412SY,,OO,SkyWest
VISOPS,IN,2025-02-18,613,2025-02-18T14:20:00Z,LAS,SFO,737-M9E,N960AK,,AS,Alaska Airlines
VISOPS,IN,2025-02-18,2015,2025-02-18T14:20:00Z,GEG,BOI,E175,N638QX,,QX,Horizon Airlines
VISOPS,IN,2025-02-18,1258,2025-02-18T15:21:00Z,SEA,SAN,737-M9E,N942AK,,AS,Alaska Airlines
VISOPS,BAGCAROUSEL,2025-02-18,3480,2025-02-18T14:29:00Z,SLC,SEA,E175,N414SY,,OO,SkyWest
VISOPS,PAXGATEARRIVAL,2025-02-18,36,2025-02-18T14:25:00Z,JFK,SFO,737-900R,N281AK,,AS,Alaska Airlines
VISOPS,ETA,2025-02-18,9804,2025-02-18T19:34:00Z,ORD,STL,737-M9E,N972AK,,AS,Alaska Airlines
VISOPS,IN,2025-02-18,3465,2025-02-18T14:30:00Z,BOI,PDX,E175,N189SY,,OO,SkyWest
VISOPS,DELAY,2025-02-18,1369,2025-02-18T15:05:00Z,AUS,SFO,737-900E,N462AS,,AS,Alaska Airlines
VISOPS,ETA,2025-02-18,39,2025-02-18T14:30:00Z,JFK,PSP,737-M9E,N915AK,,AS,Alaska Airlines
VISOPS,IN,2025-02-18,30,2025-02-18T14:31:00Z,SFO,JFK,737-900E,N491AS,,AS,Alaska Airlines
VISOPS,IRROP,2025-02-18,2017,2025-02-18T21:14:00Z,MFR,LAX,E175,N630QX,,QX,Horizon Airlines
VISOPS,IN,2025-02-18,55,2025-02-18T17:49:00Z,SCC,ANC,737-800E,N570AS,,AS,Alaska Airlines
VISOPS,ETA,2025-02-18,347,2025-02-18T14:35:00Z,MCO,SEA,737-900R,N288AK,,AS,Alaska Airlines
VISOPS,IN,2025-02-18,18,2025-02-18T14:42:00Z,PDX,JFK,737-M9E,N975AK,,AS,Alaska Airlines
VISOPS,IN,2025-02-18,767,2025-02-18T14:44:00Z,TUS,SEA,737-900R,N268AK,,AS,Alaska Airlines
VISOPS,PAXGATEARRIVAL,2025-02-18,884,2025-02-18T15:31:00Z,FLL,SAN,737-M9E,N705AL,,AS,Alaska Airlines
VISOPS,IN,2025-02-18,2368,2025-02-18T14:45:00Z,BIL,SEA,E175,N639QX,,QX,Horizon Airlines
VISOPS,IN,2025-02-18,1181,2025-02-18T14:40:00Z,SNA,PDX,737-800E,N564AS,,AS,Alaska Airlines
VISOPS,IN,2025-02-18,204,2025-02-18T14:48:00Z,SMF,SEA,737-M9E,N932AK,,AS,Alaska Airlines
VISOPS,IN,2025-02-18,3366,2025-02-18T14:50:00Z,RNO,LAX,E175,N194SY,,OO,SkyWest
VISOPS,IN,2025-02-18,1323,2025-02-18T14:45:00Z,SNA,SEA,737-800E,N516AS,,AS,Alaska Airlines
VISOPS,IN,2025-02-18,2075,2025-02-18T15:00:00Z,RDM,LAX,E175,N656QX,,QX,Horizon Airlines
VISOPS,IN,2025-02-18,1298,2025-02-18T15:00:00Z,PDX,SNA,737-800E,N566AS,,AS,Alaska Airlines
VISOPS,IN,2025-02-18,1246,2025-02-18T15:25:00Z,SEA,LAX,737-900W,N319AS,,AS,Alaska Airlines
VISOPS,IN,2025-02-18,1279,2025-02-18T18:06:00Z,SFO,LAX,737-M9E,N706AL,,AS,Alaska Airlines
VISOPS,IN,2025-02-18,718,2025-02-18T15:00:00Z,SFO,LAS,737-800E,N508AS,,AS,Alaska Airlines
VISOPS,IN,2025-02-18,2024,2025-02-18T15:00:00Z,IDA,SEA,E175,N632QX,,QX,Horizon Airlines
VISOPS,IN,2025-02-18,1344,2025-02-18T15:00:00Z,SFO,PVR,737-800E,N537AS,,AS,Alaska Airlines
VISOPS,IN,2025-02-18,1178,2025-02-18T15:00:00Z,LAX,SEA,737-900E,N457AS,,AS,Alaska Airlines
VISOPS,IN,2025-02-18,2208,2025-02-18T15:00:00Z,SEA,SUN,E175,N660QX,,QX,Horizon Airlines
VISOPS,IRROP,2025-02-18,65,2025-02-18T22:06:00Z,JNU,ANC,737-700W,N613AS,,AS,Alaska Airlines
VISOPS,IN,2025-02-18,618,2025-02-18T15:00:00Z,ABQ,SEA,737-M8E,N806AK,,AS,Alaska Airlines
VISOPS,IN,2025-02-18,912,2025-02-18T15:00:00Z,SFO,SAN,737-M9E,N971AK,,AS,Alaska Airlines
VISOPS,IN,2025-02-18,1154,2025-02-18T15:00:00Z,SAN,SEA,737-900,N303AS,,AS,Alaska Airlines
VISOPS,PAXGATEARRIVAL,2025-02-18,1041,2025-02-18T15:10:00Z,BUR,SEA,737-900R,N214AK,,AS,Alaska Airlines
VISOPS,GATEIN,2025-02-18,804,2025-02-18T15:00:00Z,PDX,OGG,737-M9E,N723AL,,AS,Alaska Airlines
VISOPS,IN,2025-02-18,3468,2025-02-18T15:00:00Z,SNA,SFO,E175,N404SY,,OO,SkyWest
VISOPS,IN,2025-02-18,732,2025-02-18T15:00:00Z,PAE,PHX,737-900E,N486AS,,AS,Alaska Airlines
VISOPS,IN,2025-02-18,2154,2025-02-18T15:00:00Z,PAE,SAN,E175,N620QX,,QX,Horizon Airlines
VISOPS,IRROP,2025-02-18,188,2025-02-18T15:15:00Z,ANC,SEA,737-900E,N494AS,,AS,Alaska Airlines
VISOPS,ON,2025-02-18,368,2025-02-18T15:00:00Z,SFO,MCO,737-M9E,N710AL,,AS,Alaska Airlines
VISOPS,IN,2025-02-18,1101,2025-02-18T15:00:00Z,PDX,LAS,737-M9E,N719AL,,AS,Alaska Airlines
VISOPS,IN,2025-02-18,73,2025-02-18T16:32:00Z,JNU,ANC,737-700W,N615AS,,AS,Alaska Airlines
VISOPS,IN,2025-02-18,3454,2025-02-18T15:00:00Z,PSP,SEA,E175,N430SY,,OO,SkyWest
VISOPS,IN,2025-02-18,1428,2025-02-18T15:00:00Z,SFO,SJD,737-900R,N224AK,,AS,Alaska Airlines
VISOPS,IN,2025-02-18,324,2025-02-18T15:00:00Z,PDX,ORD,737-900E,N419AS,,AS,Alaska Airlines
VISOPS,ETA,2025-02-18,1400,2025-02-18T15:00:00Z,SEA,CUN,737-M9E,N929AK,,AS,Alaska Airlines
VISOPS,IN,2025-02-18,3121,2025-02-18T15:00:00Z,LAX,SJC,E175,N413SY,,OO,SkyWest
VISOPS,ETA,2025-02-18,850,2025-02-18T15:00:00Z,PAE,HNL,737-800E,N565AS,,AS,Alaska Airlines
VISOPS,IN,2025-02-18,512,2025-02-18T15:00:00Z,SFO,AUS,737-900E,N423AS,,AS,Alaska Airlines
VISOPS,IN,2025-02-18,645,2025-02-18T14:55:00Z,PHX,SEA,737-M9E,N966AK,,AS,Alaska Airlines
VISOPS,IN,2025-02-18,2200,2025-02-18T15:00:00Z,BZN,SEA,E175,N658QX,,QX,Horizon Airlines
VISOPS,IN,2025-02-18,2402,2025-02-18T15:00:00Z,SEA,SJC,E175,N659QX,,QX,Horizon Airlines
VISOPS,IN,2025-02-18,3478,2025-02-18T15:00:00Z,STS,LAX,E175,N411SY,,OO,SkyWest
VISOPS,GATEIN,2025-02-18,1365,2025-02-18T15:00:00Z,LAX,PVR,737-800E,N593AS,,AS,Alaska Airlines
VISOPS,ETA,2025-02-18,867,2025-02-18T15:00:00Z,PDX,KOA,737-M9E,N969AK,,AS,Alaska Airlines
VISOPS,IN,2025-02-18,2251,2025-02-18T15:00:00Z,BOI,SEA,E175,N646QX,,QX,Horizon Airlines
VISOPS,IN,2025-02-18,3440,2025-02-18T15:00:00Z,PDX,SFO,E175,N186SY,,OO,SkyWest
VISOPS,IN,2025-02-18,2204,2025-02-18T15:00:00Z,SEA,OAK,E175,N663QX,,QX,Horizon Airlines
VISOPS,IN,2025-02-18,392,2025-02-18T15:00:00Z,PDX,DFW,737-900R,N294AK,,AS,Alaska Airlines
VISOPS,ETA,2025-02-18,300,2025-02-18T15:05:00Z,PDX,MCO,737-M9E,N984AK,,AS,Alaska Airlines
VISOPS,IN,2025-02-18,61,2025-02-18T22:25:00Z,CDV,ANC,737-700W,N611AS,,AS,Alaska Airlines
VISOPS,IN,2025-02-18,2012,2025-02-18T15:07:00Z,SEA,SMF,E175,N649QX,,QX,Horizon Airlines
VISOPS,IN,2025-02-18,1188,2025-02-18T16:00:00Z,SEA,PSP,737-900R,N273AK,,AS,Alaska Airlines
VISOPS,IN,2025-02-18,3337,2025-02-18T15:10:00Z,LAS,SAN,E175,N188SY,,OO,SkyWest
VISOPS,IN,2025-02-18,1200,2025-02-18T15:10:00Z,LAS,LAX,737-800,N549AS,,AS,Alaska Airlines
VISOPS,PAXGATEARRIVAL,2025-02-18,24,2025-02-18T15:14:00Z,SAN,JFK,737-M9E,N958AK,,AS,Alaska Airlines
VISOPS,IN,2025-02-18,236,2025-02-18T15:15:00Z,FAI,SEA,737-M9E,N941AK,,AS,Alaska Airlines
VISOPS,IN,2025-02-18,3376,2025-02-18T15:15:00Z,BOI,LAX,E175,N198SY,,OO,SkyWest
VISOPS,IN,2025-02-18,1032,2025-02-18T15:15:00Z,PDX,SEA,737-M9E,N703AL,,AS,Alaska Airlines
VISOPS,ON,2025-02-18,972,2025-02-18T15:18:00Z,SEA,YYZ,737-900R,N280AK,,AS,Alaska Airlines
VISOPS,IN,2025-02-18,3497,2025-02-18T15:20:00Z,SLC,PDX,E175,N402SY,,OO,SkyWest
VISOPS,IN,2025-02-18,974,2025-02-18T15:15:00Z,SAN,PDX,737-900W,N307AS,,AS,Alaska Airlines
VISOPS,ETA,2025-02-18,292,2025-02-18T15:20:00Z,SFO,EWR,737-900R,N290AK,,AS,Alaska Airlines
VISOPS,IN,2025-02-18,3464,2025-02-18T16:26:00Z,PSC,LAX,E175,N406SY,,OO,SkyWest
VISOPS,IN,2025-02-18,2095,2025-02-18T15:20:00Z,SMF,PDX,E175,N653QX,,QX,Horizon Airlines
VISOPS,IN,2025-02-18,145,2025-02-18T15:25:00Z,GEG,SAN,737-M9E,N947AK,,AS,Alaska Airlines
VISOPS,IN,2025-02-18,963,2025-02-18T15:30:00Z,GEG,SEA,737-M9E,N716AL,,AS,Alaska Airlines
VISOPS,IN,2025-02-18,1057,2025-02-18T15:25:00Z,BUR,PDX,737-900E,N474AS,,AS,Alaska Airlines
VISOPS,IN,2025-02-18,3415,2025-02-18T15:30:00Z,MRY,SAN,E175,N410SY,,OO,SkyWest
VISOPS,IN,2025-02-18,3456,2025-02-18T15:30:00Z,BOI,SAN,E175,N403SY,,OO,SkyWest
VISOPS,IN,2025-02-18,3330,2025-02-18T15:34:00Z,EUG,LAX,E175,N408SY,,OO,SkyWest
VISOPS,IN,2025-02-18,1049,2025-02-18T15:45:00Z,SFO,LAX,737-M9E,N708AL,,AS,Alaska Airlines
VISOPS,IN,2025-02-18,380,2025-02-18T15:45:00Z,LAS,SEA,737-800E,N533AS,,AS,Alaska Airlines
VISOPS,IN,2025-02-18,3411,2025-02-18T15:51:00Z,SFO,SNA,E175,N187SY,,OO,SkyWest
VISOPS,OUT,2025-02-18,305,2025-02-18T22:55:00Z,MIA,SEA,737-900E,N487AS,,AS,Alaska Airlines
VISOPS,IN,2025-02-18,1060,2025-02-18T15:55:00Z,SEA,SNA,737-800,N553AS,,AS,Alaska Airlines
VISOPS,IN,2025-02-18,630,2025-02-18T15:55:00Z,SEA,SLC,737-900W,N309AS,,AS,Alaska Airlines
VISOPS,IN,2025-02-18,2006,2025-02-18T18:14:00Z,BZN,SEA,E175,N657QX,,QX,Horizon Airlines
VISOPS,ETA,2025-02-18,516,2025-02-18T15:55:00Z,SEA,FLL,737-M9E,N920AK,,AS,Alaska Airlines
VISOPS,IN,2025-02-18,2201,2025-02-18T15:55:00Z,SEA,STS,E175,N644QX,,QX,Horizon Airlines
VISOPS,OUT,2025-02-18,682,2025-02-18T19:38:00Z,DEN,SEA,737-900E,N483AS,,AS,Alaska Airlines
VISOPS,RELEASE,2025-02-18,494,2025-02-18T21:03:00Z,SAT,SEA,737-900E,N469AS,,AS,Alaska Airlines
VISOPS,IN,2025-02-18,3463,2025-02-18T16:00:00Z,SAN,SFO,E175,N196SY,,OO,SkyWest
VISOPS,IN,2025-02-18,1171,2025-02-18T16:00:00Z,SJC,PVR,737-900E,N471AS,,AS,Alaska Airlines
VISOPS,IN,2025-02-18,121,2025-02-18T16:00:00Z,PDX,BUR,737-M9E,N977AK,,AS,Alaska Airlines
VISOPS,ETA,2025-02-18,1405,2025-02-18T16:00:00Z,BZE,SEA,737-M9E,N956AK,,AS,Alaska Airlines
VISOPS,IN,2025-02-18,2192,2025-02-18T16:00:00Z,SEA,BOI,E175,N642QX,,QX,Horizon Airlines
VISOPS,IN,2025-02-18,3381,2025-02-18T16:00:00Z,SBP,LAS,E175,N405SY,,OO,SkyWest
VISOPS,IN,2025-02-18,706,2025-02-18T15:55:00Z,PHX,PDX,737-900R,N293AK,,AS,Alaska Airlines
VISOPS,BAGCAROUSEL,2025-02-18,273,2025-02-18T16:00:00Z,NAS,SEA,737-900E,N481AS,,AS,Alaska Airlines
VISOPS,IN,2025-02-18,698,2025-02-18T16:08:00Z,SEA,PHX,737-900E,N413AS,,AS,Alaska Airlines
VISOPS,ETA,2025-02-18,573,2025-02-18T15:55:00Z,DFW,SEA,737-900R,N264AK,,AS,Alaska Airlines
VISOPS,IN,2025-02-18,3317,2025-02-18T17:54:00Z,GEG,SEA,E175,N409SY,,OO,SkyWest
VISOPS,IN,2025-02-18,616,2025-02-18T16:00:00Z,PDX,PSP,737-900R,N267AK,,AS,Alaska Airlines
VISOPS,IN,2025-02-18,3396,2025-02-18T16:00:00Z,BOI,PHX,E175,N407SY,,OO,SkyWest
VISOPS,IN,2025-02-18,910,2025-02-18T16:00:00Z,PDX,SEA,737-800E,N559AS,,AS,Alaska Airlines
VISOPS,IN,2025-02-18,1350,2025-02-18T16:00:00Z,PDX,SFO,737-M9E,N921AK,,AS,Alaska Airlines
VISOPS,IN,2025-02-18,1117,2025-02-18T15:55:00Z,SNA,SEA,737-800E,N518AS,,AS,Alaska Airlines
VISOPS,ETA,2025-02-18,817,2025-02-18T16:00:00Z,SEA,OGG,737-M9E,N949AK,,AS,Alaska Airlines
VISOPS,ETA,2025-02-18,3369,2025-02-18T16:00:00Z,SEA,SFO,E175,N192SY,,OO,SkyWest
VISOPS,IN,2025-02-18,2087,2025-02-18T16:00:00Z,PDX,RNO,E175,N624QX,,QX,Horizon Airlines
VISOPS,ETA,2025-02-18,807,2025-02-18T16:00:00Z,LAX,HNL,737-M9E,N936AK,,AS,Alaska Airlines
VISOPS,IN,2025-02-18,1124,2025-02-18T15:55:00Z,LAX,PDX,737-800E,N517AS,,AS,Alaska Airlines
VISOPS,IN,2025-02-18,1076,2025-02-18T16:00:00Z,PDX,LAX,737-900R,N287AK,,AS,Alaska Airlines
VISOPS,IN,2025-02-18,2126,2025-02-18T16:00:00Z,RDM,SFO,E175,N629QX,,QX,Horizon Airlines
VISOPS,IN,2025-02-18,3368,2025-02-18T16:01:00Z,SAN,SMF,E175,N193SY,,OO,SkyWest
VISOPS,IN,2025-02-18,3394,2025-02-18T16:02:00Z,PDX,TUS,E175,N177SY,,OO,SkyWest
VISOPS,ETA,2025-02-18,1390,2025-02-18T16:02:00Z,SEA,SJD,737-900R,N292AK,,AS,Alaska Airlines
VISOPS,ETA,2025-02-18,902,2025-02-18T16:04:00Z,SEA,PVR,737-800E,N589AS,,AS,Alaska Airlines
VISOPS,IN,2025-02-18,196,2025-02-18T16:04:00Z,ADQ,ANC,737-800E,N558AS,,AS,Alaska Airlines
VISOPS,IN,2025-02-18,62,2025-02-18T21:54:00Z,KTN,SEA,737-800E,N562AS,,AS,Alaska Airlines
VISOPS,IN,2025-02-18,1306,2025-02-18T16:05:00Z,SEA,LAX,737-800,N546AS,,AS,Alaska Airlines
VISOPS,IN,2025-02-18,3362,2025-02-18T17:40:00Z,PDX,SEA,E175,N185SY,,OO,SkyWest
VISOPS,IN,2025-02-18,2032,2025-02-18T16:05:00Z,SFO,PDX,E175,N633QX,,QX,Horizon Airlines
VISOPS,ETA,2025-02-18,290,2025-02-18T22:45:00Z,EWR,PDX,737-M8E,N801AK,,AS,Alaska Airlines
VISOPS,ETA,2025-02-18,34,2025-02-18T16:06:00Z,SEA,JFK,737-800E,N536AS,,AS,Alaska Airlines
VISOPS,IN,2025-02-18,2106,2025-02-18T18:56:00Z,YEG,SEA,E175,N641QX,,QX,Horizon Airlines
VISOPS,IN,2025-02-18,3406,2025-02-18T16:09:00Z,FAT,PDX,E175,N176SY,,OO,SkyWest
VISOPS,IN,2025-02-18,2220,2025-02-18T16:10:00Z,PAE,SNA,E175,N652MK,,QX,Horizon Airlines
VISOPS,RELEASE,2025-02-18,474,2025-02-18T21:24:00Z,ATL,SAN,737-M9E,N919AK,,AS,Alaska Airlines
VISOPS,IRROP,2025-02-18,1079,2025-02-18T16:17:00Z,SJC,SEA,737-800,N548AS,,AS,Alaska Airlines
VISOPS,ETA,2025-02-18,284,2025-02-18T16:14:00Z,LAX,EWR,737-M9E,N934AK,,AS,Alaska Airlines
VISOPS,ON,2025-02-18,60,2025-02-18T18:14:00Z,KTN,SEA,737-800,N528AS,,AS,Alaska Airlines
VISOPS,DELAY,2025-02-18,813,2025-02-18T16:15:00Z,SEA,KOA,737-M9E,N933AK,,AS,Alaska Airlines
VISOPS,ETA,2025-02-18,879,2025-02-18T16:10:00Z,SEA,LIH,737-800E,N560AS,,AS,Alaska Airlines
VISOPS,IN,2025-02-18,142,2025-02-18T16:15:00Z,JNU,SEA,737-700W,N622AS,,AS,Alaska Airlines
VISOPS,IN,2025-02-18,3488,2025-02-18T18:52:00Z,SLC,SAN,E175,N171SY,,OO,SkyWest
VISOPS,IN,2025-02-18,2073,2025-02-18T16:15:00Z,ANC,FAI,E175,N645QX,,QX,Horizon Airlines
VISOPS,GATEIN,2025-02-18,4,2025-02-18T16:15:00Z,SEA,DCA,737-800E,N538AS,,AS,Alaska Airlines
VISOPS,IN,2025-02-18,3425,2025-02-18T16:15:00Z,PSP,PDX,E175,N197SY,,OO,SkyWest
VISOPS,IN,2025-02-18,3409,2025-02-18T16:16:00Z,SAN,STS,E175,N184SY,,OO,SkyWest
VISOPS,IN,2025-02-18,3314,2025-02-18T16:17:00Z,BLI,SEA,E175,N178SY,,OO,SkyWest
VISOPS,IN,2025-02-18,3345,2025-02-18T16:17:00Z,FAT,SEA,E175,N175SY,,OO,SkyWest
VISOPS,IN,2025-02-18,2127,2025-02-18T16:20:00Z,PAE,LAS,E175,N650QX,,QX,Horizon Airlines
VISOPS,GATEIN,2025-02-18,8,2025-02-18T16:20:00Z,SFO,DCA,737-800E,N535AS,,AS,Alaska Airlines
VISOPS,IN,2025-02-18,1123,2025-02-18T16:15:00Z,SFO,SEA,737-800E,N532AS,,AS,Alaska Airlines
VISOPS,IN,2025-02-18,3359,2025-02-18T16:23:00Z,SAN,SJC,E175,N412SY,,OO,SkyWest
VISOPS,ON,2025-02-18,501,2025-02-18T16:23:00Z,SEA,MCI,737-900R,N251AK,,AS,Alaska Airlines
VISOPS,IN,2025-02-18,3342,2025-02-18T16:23:00Z,SAN,LAS,E175,N182SY,,OO,SkyWest
OPS360,GATEIN,2025-02-18,2165,2025-02-18T16:25:00Z,ANC,BET,E175,N627QX,,QX,Horizon Airlines
VISOPS,IN,2025-02-18,1290,2025-02-18T16:25:00Z,SEA,BUR,737-900E,N493AS,,AS,Alaska Airlines
VISOPS,PAXGATEARRIVAL,2025-02-18,304,2025-02-18T21:49:00Z,DTW,SEA,737-900E,N431AS,,AS,Alaska Airlines
VISOPS,IN,2025-02-18,2230,2025-02-18T16:25:00Z,LAX,SFO,E175,N662QX,,QX,Horizon Airlines
VISOPS,IN,2025-02-18,1254,2025-02-18T16:25:00Z,SEA,ONT,737-M9E,N955AK,,AS,Alaska Airlines
VISOPS,ETA,2025-02-18,503,2025-02-18T16:26:00Z,SEA,STL,737-900R,N274AK,,AS,Alaska Airlines
VISOPS,ETA,2025-02-18,59,2025-02-18T16:26:00Z,SEA,ANC,737-900R,N272AK,,AS,Alaska Airlines
VISOPS,ETA,2025-02-18,3405,2025-02-18T16:26:00Z,TUS,PDX,E175,N183SY,,OO,SkyWest
VISOPS,IN,2025-02-18,3438,2025-02-18T16:28:00Z,LAX,SJC,E175,N191SY,,OO,SkyWest
VISOPS,IN,2025-02-18,612,2025-02-18T16:28:00Z,SEA,LAS,737-800,N552AS,,AS,Alaska Airlines
VISOPS,BAGCAROUSEL,2025-02-18,27,2025-02-18T16:30:00Z,JFK,SEA,737-M9E,N935AK,,AS,Alaska Airlines
VISOPS,ETA,2025-02-18,555,2025-02-18T21:06:00Z,MSP,SEA,737-800,N523AS,,AS,Alaska Airlines
VISOPS,IN,2025-02-18,3355,2025-02-18T16:30:00Z,BUR,SFO,E175,N181SY,,OO,SkyWest
VISOPS,ETA,2025-02-18,322,2025-02-18T16:30:00Z,SAN,IAD,737-900E,N403AS,,AS,Alaska Airlines
VISOPS,ETA,2025-02-18,318,2025-02-18T16:32:00Z,SEA,AUS,737-M9E,N724AL,,AS,Alaska Airlines
VISOPS,IN,2025-02-18,2002,2025-02-18T19:05:00Z,OME,ANC,E175,N634QX,,QX,Horizon Airlines
VISOPS,IN,2025-02-18,907,2025-02-18T16:36:00Z,RDM,SEA,737-800,N524AS,,AS,Alaska Airlines
VISOPS,DELAY,2025-02-18,376,2025-02-18T17:15:00Z,SEA,ATL,737-800E,N587AS,,AS,Alaska Airlines
VISOPS,IN,2025-02-18,929,2025-02-18T16:40:00Z,BOI,SEA,737-800E,N534AS,,AS,Alaska Airlines
VISOPS,IN,2025-02-18,2168,2025-02-18T16:40:00Z,SFO,BUR,E175,N661QX,,QX,Horizon Airlines
VISOPS,IN,2025-02-18,132,2025-02-18T16:40:00Z,EUG,SEA,737-M9E,N952AK,,AS,Alaska Airlines
VISOPS,IN,2025-02-18,1170,2025-02-18T16:40:00Z,SJC,SJD,737-800E,N585AS,,AS,Alaska Airlines
VISOPS,IN,2025-02-18,3312,2025-02-18T19:45:00Z,ONT,PDX,E175,N189SY,,OO,SkyWest
VISOPS,IN,2025-02-18,1023,2025-02-18T16:43:00Z,PSC,SEA,737-M9E,N722AL,,AS,Alaska Airlines
VISOPS,IN,2025-02-18,2133,2025-02-18T16:44:00Z,SJC,PDX,E175,N651QX,,QX,Horizon Airlines
VISOPS,ETA,2025-02-18,9668,2025-02-18T16:45:00Z,OAK,PVR,737-M9E,N961AK,,AS,Alaska Airlines
VISOPS,PAXGATEARRIVAL,2025-02-18,572,2025-02-18T22:50:00Z,RDU,SEA,737-M9E,N937AK,,AS,Alaska Airlines
VISOPS,IN,2025-02-18,1438,2025-02-18T16:50:00Z,SAN,SJD,737-M9E,N979AK,,AS,Alaska Airlines
VISOPS,ETA,2025-02-18,306,2025-02-18T16:50:00Z,SEA,BOS,737-900R,N238AK,,AS,Alaska Airlines
VISOPS,IN,2025-02-18,7015,2025-02-18T19:57:00Z,BRW,ANC,737-800F,N583AS,,AS,Alaska Airlines
VISOPS,IN,2025-02-18,2114,2025-02-18T16:55:00Z,SEA,PDX,E175,N655QX,,QX,Horizon Airlines
VISOPS,ETA,2025-02-18,908,2025-02-18T16:55:00Z,SEA,DFW,737-900E,N402AS,,AS,Alaska Airlines
VISOPS,ETA,2025-02-18,408,2025-02-18T16:55:00Z,SEA,ORD,737-900R,N278AK,,AS,Alaska Airlines
VISOPS,ETA,2025-02-18,326,2025-02-18T23:29:00Z,TPA,SEA,737-M9E,N725AL,,AS,Alaska Airlines
VISOPS,ON,2025-02-18,312,2025-02-18T17:00:00Z,SEA,OMA,737-800E,N569AS,,AS,Alaska Airlines
VISOPS,GATEIN,2025-02-18,766,2025-02-18T17:00:00Z,SMF,MCO,737-M9E,N982AK,,AS,Alaska Airlines
VISOPS,ETA,2025-02-18,877,2025-02-18T17:00:00Z,SFO,HNL,737-900E,N472AS,,AS,Alaska Airlines
VISOPS,IN,2025-02-18,138,2025-02-18T17:00:00Z,SFO,PDX,737-M9E,N960AK,,AS,Alaska Airlines
VISOPS,ETA,2025-02-18,1335,2025-02-18T17:00:00Z,BZE,LAX,737-900E,N433AS,,AS,Alaska Airlines
VISOPS,IN,2025-02-18,2298,2025-02-18T17:00:00Z,PDX,GEG,E175,N622QX,,QX,Horizon Airlines
VISOPS,ETA,2025-02-18,1266,2025-02-18T17:00:00Z,PDX,MSY,737-900R,N263AK,,AS,Alaska Airlines
VISOPS,IN,2025-02-18,2108,2025-02-18T20:11:00Z,LAS,PDX,E175,N650QX,,QX,Horizon Airlines
VISOPS,PAXGATEARRIVAL,2025-02-18,1109,2025-02-18T17:06:00Z,LAX,SEA,737-900R,N253AK,,AS,Alaska Airlines
VISOPS,ETA,2025-02-18,56,2025-02-18T17:25:00Z,ANC,SEA,737-M9E,N917AK,,AS,Alaska Airlines
VISOPS,IN,2025-02-18,3320,2025-02-18T20:27:00Z,AUS,SAN,E175,N195SY,,OO,SkyWest
VISOPS,IN,2025-02-18,3380,2025-02-18T17:00:00Z,PSP,SFO,E175,N400SY,,OO,SkyWest
VISOPS,DELAY,2025-02-18,20,2025-02-18T17:01:00Z,SFO,JFK,737-M9E,N926AK,,AS,Alaska Airlines
VISOPS,ETA,2025-02-18,420,2025-02-18T17:01:00Z,SEA,MCO,737-900R,N297AK,,AS,Alaska Airlines
VISOPS,IN,2025-02-18,3122,2025-02-18T17:03:00Z,SJC,LAX,E175,N413SY,,OO,SkyWest
VISOPS,IN,2025-02-18,421,2025-02-18T17:05:00Z,LAS,SFO,737-800E,N594AS,,AS,Alaska Airlines
VISOPS,IN,2025-02-18,3374,2025-02-18T17:08:00Z,SAN,BOI,E175,N188SY,,OO,SkyWest
VISOPS,IN,2025-02-18,160,2025-02-18T17:10:00Z,ANC,FAI,737-700W,N609AS,,AS,Alaska Airlines
VISOPS,GATEIN,2025-02-18,1340,2025-02-18T17:15:00Z,LAX,CUN,737-M8E,N805AK,,AS,Alaska Airlines
VISOPS,ETA,2025-02-18,442,2025-02-18T17:15:00Z,SEA,PHL,737-900E,N409AS,,AS,Alaska Airlines
VISOPS,ETA,2025-02-18,302,2025-02-18T18:00:00Z,SAN,EWR,737-M9E,N918AK,,AS,Alaska Airlines
VISOPS,IN,2025-02-18,2345,2025-02-18T17:19:00Z,SUN,SEA,E175,N660QX,,QX,Horizon Airlines
VISOPS,ETA,2025-02-18,829,2025-02-18T17:20:00Z,SAN,OGG,737-M9E,N720AL,,AS,Alaska Airlines
VISOPS,IN,2025-02-18,2008,2025-02-18T17:21:00Z,BOI,GEG,E175,N638QX,,QX,Horizon Airlines
VISOPS,PAXGATEARRIVAL,2025-02-18,3338,2025-02-18T21:26:00Z,YLW,LAX,E175,N411SY,,OO,SkyWest
VISOPS,OFF,2025-02-18,402,2025-02-18T17:25:00Z,SEA,CHS,737-900R,N247AK,,AS,Alaska Airlines
VISOPS,ETA,2025-02-18,2205,2025-02-18T23:51:00Z,LAX,LAS,E175,N630QX,,QX,Horizon Airlines
VISOPS,IN,2025-02-18,2141,2025-02-18T17:25:00Z,LAX,BOI,E175,N631QX,,QX,Horizon Airlines
VISOPS,IN,2025-02-18,2084,2025-02-18T17:25:00Z,PAE,SFO,E175,N665QX,,QX,Horizon Airlines
VISOPS,IN,2025-02-18,1192,2025-02-18T17:27:00Z,LAX,PDX,737-800,N549AS,,AS,Alaska Airlines
VISOPS,ETA,2025-02-18,735,2025-02-18T17:30:00Z,LAS,SEA,737-800E,N508AS,,AS,Alaska Airlines
VISOPS,ETA,2025-02-18,1418,2025-02-18T17:30:00Z,LAX,GDL,737-M9E,N954AK,,AS,Alaska Airlines
VISOPS,ETA,2025-02-18,1259,2025-02-18T17:35:00Z,SAN,SEA,737-M9E,N971AK,,AS,Alaska Airlines
VISOPS,ON,2025-02-18,1239,2025-02-18T18:00:00Z,PDX,PHX,737-900W,N318AS,,AS,Alaska Airlines
VISOPS,ETA,2025-02-18,889,2025-02-18T17:38:00Z,PDX,HNL,737-800E,N596AS,,AS,Alaska Airlines
VISOPS,ETA,2025-02-18,2042,2025-02-18T17:40:00Z,PDX,ANC,E175,N635QX,,QX,Horizon Airlines
VISOPS,ETA,2025-02-18,870,2025-02-18T17:40:00Z,PHX,SEA,737-800E,N512AS,,AS,Alaska Airlines
VISOPS,IN,2025-02-18,2005,2025-02-18T17:46:00Z,OAK,SEA,E175,N663QX,,QX,Horizon Airlines
VISOPS,GATEIN,2025-02-18,10,2025-02-18T17:49:00Z,PDX,DCA,737-800E,N592AS,,AS,Alaska Airlines
VISOPS,ETA,2025-02-18,1256,2025-02-18T17:50:00Z,SEA,PSP,737-M9E,N716AL,,AS,Alaska Airlines
VISOPS,IN,2025-02-18,2380,2025-02-18T19:48:00Z,MFR,SEA,E175,N632QX,,QX,Horizon Airlines
VISOPS,DELAY,2025-02-18,83,2025-02-18T18:10:00Z,SEA,ANC,737-700W,N607AS,,AS,Alaska Airlines
VISOPS,DELAY,2025-02-18,174,2025-02-18T18:00:00Z,SEA,FAI,737-800E,N590AS,,AS,Alaska Airlines
VISOPS,ETA,2025-02-18,406,2025-02-18T17:50:00Z,SEA,IAD,737-M9E,N932AK,,AS,Alaska Airlines
VISOPS,IN,2025-02-18,2053,2025-02-18T17:50:00Z,SEA,GEG,E175,N636QX,,QX,Horizon Airlines
VISOPS,OUT,2025-02-18,2270,2025-02-18T19:53:00Z,FCA,SEA,E175,N637QX,,QX,Horizon Airlines
VISOPS,IN,2025-02-18,1080,2025-02-18T17:51:00Z,SEA,SJC,737-800E,N577AS,,AS,Alaska Airlines
VISOPS,IN,2025-02-18,3469,2025-02-18T20:07:00Z,PSP,SFO,E175,N179SY,,OO,SkyWest
VISOPS,IN,2025-02-18,3382,2025-02-18T19:57:00Z,YLW,SEA,E175,N414SY,,OO,SkyWest
VISOPS,IN,2025-02-18,2360,2025-02-18T20:29:00Z,BIL,SEA,E175,N646QX,,QX,Horizon Airlines
VISOPS,DELAY,2025-02-18,1108,2025-02-18T17:57:00Z,SEA,SAN,737-M9E,N962AK,,AS,Alaska Airlines
VISOPS,IN,2025-02-18,2213,2025-02-18T18:00:00Z,SEA,PDX,E175,N654QX,,QX,Horizon Airlines
OPS360,IRROP,2025-02-18,1317,2025-02-18T18:00:00Z,LAX,SEA,737-800E,N519AS,,AS,Alaska Airlines
VISOPS,IN,2025-02-18,2412,2025-02-18T18:03:00Z,FAI,ANC,E175,N645QX,,QX,Horizon Airlines
VISOPS,DELAY,2025-02-18,887,2025-02-18T18:12:00Z,SEA,HNL,737-M9E,N913AK,,AS,Alaska Airlines
VISOPS,ETA,2025-02-18,2403,2025-02-18T18:00:00Z,SJC,SEA,E175,N659QX,,QX,Horizon Airlines
VISOPS,IN,2025-02-18,136,2025-02-18T18:00:00Z,ANC,OTZ,737-700W,N618AS,,AS,Alaska Airlines
VISOPS,ETA,2025-02-18,441,2025-02-18T18:00:00Z,PDX,MIA,737-900E,N492AS,,AS,Alaska Airlines
VISOPS,DELAY,2025-02-18,1380,2025-02-18T18:55:00Z,PDX,PVR,737-800E,N564AS,,AS,Alaska Airlines
VISOPS,ETA,2025-02-18,15,2025-02-18T18:00:00Z,JFK,SFO,737-800E,N506AS,,AS,Alaska Airlines
VISOPS,BAGCAROUSEL,2025-02-18,888,2025-02-18T18:00:00Z,HNL,SEA,737-M9E,N985AK,,AS,Alaska Airlines
VISOPS,IN,2025-02-18,3395,2025-02-18T18:01:00Z,SNA,STS,E175,N187SY,,OO,SkyWest
VISOPS,ETA,2025-02-18,379,2025-02-19T00:25:00Z,BWI,SEA,737-M9E,N968AK,,AS,Alaska Airlines
VISOPS,ON,2025-02-18,2227,2025-02-18T18:02:00Z,SMF,SEA,E175,N649QX,,QX,Horizon Airlines
VISOPS,IN,2025-02-18,2219,2025-02-18T18:05:00Z,BOI,SEA,E175,N642QX,,QX,Horizon Airlines
VISOPS,RELEASE,2025-02-18,7001,2025-02-18T20:34:00Z,JNU,ANC,737-700F,N627AS,,AS,Alaska Airlines
VISOPS,DELAY,2025-02-18,189,2025-02-18T18:45:00Z,SEA,PHX,737-M9E,N703AL,,AS,Alaska Airlines
VISOPS,DELAY,2025-02-18,1048,2025-02-18T18:44:00Z,SEA,LAX,737-800E,N559AS,,AS,Alaska Airlines
VISOPS,IN,2025-02-18,2034,2025-02-18T18:09:00Z,RNO,PDX,E175,N624QX,,QX,Horizon Airlines
VISOPS,ETA,2025-02-18,1467,2025-02-18T18:09:00Z,LAS,PDX,737-M9E,N719AL,,AS,Alaska Airlines
VISOPS,IN,2025-02-18,2150,2025-02-18T18:10:00Z,LAX,SFO,E175,N656QX,,QX,Horizon Airlines
VISOPS,IN,2025-02-18,3304,2025-02-18T18:10:00Z,SFO,LAS,E175,N404SY,,OO,SkyWest
VISOPS,DELAY,2025-02-18,398,2025-02-18T18:11:00Z,SEA,EWR,737-900E,N479AS,,AS,Alaska Airlines
VISOPS,PAXGATEARRIVAL,2025-02-18,2029,2025-02-18T20:58:00Z,SBA,PDX,E175,N653QX,,QX,Horizon Airlines
VISOPS,ETA,2025-02-18,1412,2025-02-18T18:36:00Z,LAX,LIR,737-M8E,N804AK,,AS,Alaska Airlines
VISOPS,OUT,2025-02-18,1299,2025-02-18T18:18:00Z,SNA,PDX,737-800E,N566AS,,AS,Alaska Airlines
VISOPS,ETA,2025-02-18,336,2025-02-18T18:19:00Z,PDX,DEN,737-800E,N563AS,,AS,Alaska Airlines
VISOPS,DELAY,2025-02-18,500,2025-02-18T18:22:00Z,SEA,IND,737-900R,N296AK,,AS,Alaska Airlines
VISOPS,DELAY,2025-02-18,916,2025-02-18T18:38:00Z,SEA,MCO,737-900R,N265AK,,AS,Alaska Airlines
VISOPS,IRROP,2025-02-18,522,2025-02-18T19:30:00Z,SEA,BNA,737-900E,N440AS,,AS,Alaska Airlines
VISOPS,IN,2025-02-18,2058,2025-02-18T18:24:00Z,SAN,SFO,E175,N628QX,,QX,Horizon Airlines
VISOPS,ETA,2025-02-18,3430,2025-02-18T18:36:00Z,SFO,SAN,E175,N196SY,,OO,SkyWest
VISOPS,ETD,2025-02-18,2131,2025-02-18T20:30:00Z,SFO,SNA,E175,N629QX,,QX,Horizon Airlines
VISOPS,ETA,2025-02-18,647,2025-02-18T19:10:00Z,SEA,ANC,737-M9E,N931AK,,AS,Alaska Airlines
VISOPS,IN,2025-02-18,3467,2025-02-18T18:30:00Z,SAN,FAT,E175,N410SY,,OO,SkyWest
VISOPS,ETA,2025-02-18,3453,2025-02-18T18:30:00Z,PDX,SLC,E175,N402SY,,OO,SkyWest
VISOPS,ETA,2025-02-18,9790,2025-02-18T19:25:00Z,SLC,PDX,E175,N174SY,,OO,SkyWest
VISOPS,PAXGATEARRIVAL,2025-02-18,2229,2025-02-18T19:45:00Z,PDX,SEA,E175,N655QX,,QX,Horizon Airlines
VISOPS,ETA,2025-02-18,731,2025-02-18T18:32:00Z,PHX,PAE,737-900E,N453AS,,AS,Alaska Airlines
VISOPS,DELAY,2025-02-18,229,2025-02-18T18:34:00Z,LAS,SEA,737-800,N527AS,,AS,Alaska Airlines
VISOPS,OUT,2025-02-18,1363,2025-02-18T23:21:00Z,ZIH,LAX,737-M9E,N708AL,,AS,Alaska Airlines
VISOPS,ON,2025-02-18,2081,2025-02-18T18:35:00Z,BUR,STS,E175,N661QX,,QX,Horizon Airlines
VISOPS,ETA,2025-02-18,1364,2025-02-18T18:35:00Z,LAX,CUN,737-M9E,N953AK,,AS,Alaska Airlines
VISOPS,ETA,2025-02-18,895,2025-02-18T18:56:00Z,SAN,HNL,737-M9E,N942AK,,AS,Alaska Airlines
VISOPS,IN,2025-02-18,2492,2025-02-18T18:37:00Z,SFO,LAX,E175,N662QX,,QX,Horizon Airlines
VISOPS,DELAY,2025-02-18,899,2025-02-18T19:06:00Z,SAN,KOA,737-900E,N408AS,,AS,Alaska Airlines
VISOPS,PAXGATEARRIVAL,2025-02-18,3451,2025-02-18T22:31:00Z,MTY,LAX,E175,N198SY,,OO,SkyWest
VISOPS,RELEASE,2025-02-18,7011,2025-02-18T21:10:00Z,OME,ANC,737-700F,N626AS,,AS,Alaska Airlines
VISOPS,DELAY,2025-02-18,502,2025-02-18T18:49:00Z,SEA,AUS,737-900E,N457AS,,AS,Alaska Airlines
OPS360,IRROP,2025-02-18,2166,2025-02-18T18:41:00Z,BET,ANC,E175,N627QX,,QX,Horizon Airlines
VISOPS,ETD,2025-02-18,738,2025-02-18T20:46:00Z,SEA,LAS,737-900E,N434AS,,AS,Alaska Airlines
VISOPS,PAXGATEARRIVAL,2025-02-18,3499,2025-02-18T22:30:00Z,MZT,LAX,E175,N194SY,,OO,SkyWest
VISOPS,RELEASE,2025-02-18,2240,2025-02-18T21:11:00Z,SJC,PDX,E175,N633QX,,QX,Horizon Airlines
VISOPS,BOARDSTART,2025-02-18,1374,2025-02-18T20:20:00Z,LAX,LTO,737-M8E,N803AK,,AS,Alaska Airlines
VISOPS,OFF,2025-02-18,598,2025-02-18T18:46:00Z,SFO,ORD,737-M9E,N921AK,,AS,Alaska Airlines
VISOPS,BAGCAROUSEL,2025-02-18,2203,2025-02-18T19:00:00Z,STS,SEA,E175,N644QX,,QX,Horizon Airlines
VISOPS,PAXGATEARRIVAL,2025-02-18,3412,2025-02-18T18:47:00Z,PHX,SFO,E175,N407SY,,OO,SkyWest
VISOPS,ETA,2025-02-18,3344,2025-02-18T18:47:00Z,SFO,PHX,E175,N186SY,,OO,SkyWest
VISOPS,ETA,2025-02-18,3432,2025-02-18T18:48:00Z,LAX,ZLO,E175,N408SY,,OO,SkyWest
VISOPS,RELEASE,2025-02-18,2224,2025-02-18T21:12:00Z,RNO,SAN,E175,N620QX,,QX,Horizon Airlines
VISOPS,DELAY,2025-02-18,1275,2025-02-18T19:30:00Z,PSP,PDX,737-900R,N273AK,,AS,Alaska Airlines
VISOPS,IN,2025-02-18,2048,2025-02-18T18:51:00Z,GEG,SEA,E175,N622QX,,QX,Horizon Airlines
VISOPS,ETA,2025-02-18,511,2025-02-18T18:51:00Z,PHX,PDX,737-900E,N486AS,,AS,Alaska Airlines
VISOPS,BOARDSTART,2025-02-18,3390,2025-02-18T19:50:00Z,STS,SNA,E175,N184SY,,OO,SkyWest
VISOPS,ETA,2025-02-18,3455,2025-02-18T18:55:00Z,PDX,BOI,E175,N176SY,,OO,SkyWest
VISOPS,BAGCAROUSEL,2025-02-18,108,2025-02-18T18:55:00Z,ANC,SEA,737-M9E,N983AK,,AS,Alaska Airlines
VISOPS,DELAY,2025-02-18,1430,2025-02-18T20:00:00Z,LAX,SJD,737-900W,N319AS,,AS,Alaska Airlines
VISOPS,DELAY,2025-02-18,414,2025-02-18T19:08:00Z,SEA,DFW,737-900R,N270AK,,AS,Alaska Airlines
VISOPS,OFF,2025-02-18,812,2025-02-18T19:20:00Z,KOA,SEA,737-900E,N464AS,,AS,Alaska Airlines
VISOPS,IN,2025-02-18,159,2025-02-18T19:00:00Z,ANC,FAI,737-900E,N407AS,,AS,Alaska Airlines
VISOPS,BAGCAROUSEL,2025-02-18,886,2025-02-18T19:00:00Z,OGG,SEA,737-M9E,N938AK,,AS,Alaska Airlines
VISOPS,PAXGATEARRIVAL,2025-02-18,9803,2025-02-18T21:00:00Z,PHL,SEA,737-M9E,N713AL,,AS,Alaska Airlines
VISOPS,ETA,2025-02-18,631,2025-02-18T19:03:00Z,SLC,SEA,737-900W,N309AS,,AS,Alaska Airlines
VISOPS,DELAY,2025-02-18,26,2025-02-18T19:11:00Z,SEA,JFK,737-900R,N236AK,,AS,Alaska Airlines
VISOPS,LOADFINAL,2025-02-18,568,2025-02-18T19:39:00Z,SEA,MSY,737-M9E,N943AK,,AS,Alaska Airlines
VISOPS,AMEND,2025-02-18,1334,2025-02-18T20:10:00Z,LAX,BZE,737-M9E,N706AL,,AS,Alaska Airlines
VISOPS,ETA,2025-02-18,122,2025-02-18T19:10:00Z,BUR,PDX,737-M9E,N977AK,,AS,Alaska Airlines
VISOPS,ETA,2025-02-18,835,2025-02-18T19:40:00Z,SFO,PDX,737-900E,N435AS,,AS,Alaska Airlines
VISOPS,ETA,2025-02-18,2189,2025-02-18T19:12:00Z,GEG,BOI,E175,N638QX,,QX,Horizon Airlines
VISOPS,OFF,2025-02-18,227,2025-02-18T19:12:00Z,FAI,SEA,737-700W,N609AS,,AS,Alaska Airlines
VISOPS,ETA,2025-02-18,3123,2025-02-18T19:13:00Z,LAX,SFO,E175,N413SY,,OO,SkyWest
VISOPS,ETA,2025-02-18,970,2025-02-18T19:15:00Z,PDX,SEA,737-900W,N307AS,,AS,Alaska Airlines
VISOPS,OFF,2025-02-18,43,2025-02-18T19:25:00Z,ANC,BET,737-700W,N615AS,,AS,Alaska Airlines
VISOPS,ETA,2025-02-18,1381,2025-02-18T19:18:00Z,PVR,LAX,737-800E,N593AS,,AS,Alaska Airlines
VISOPS,ETA,2025-02-18,2258,2025-02-19T01:39:00Z,LAS,PAE,E175,N630QX,,QX,Horizon Airlines
VISOPS,PAXGATEARRIVAL,2025-02-18,1379,2025-02-18T19:19:00Z,SJD,SFO,737-900R,N224AK,,AS,Alaska Airlines
VISOPS,ETA,2025-02-18,904,2025-02-18T19:45:00Z,SEA,BZN,737-800,N524AS,,AS,Alaska Airlines
VISOPS,ON,2025-02-18,3400,2025-02-18T20:54:00Z,BLI,SEA,E175,N178SY,,OO,SkyWest
VISOPS,DELAY,2025-02-18,1190,2025-02-18T20:03:00Z,SEA,SNA,737-800,N548AS,,AS,Alaska Airlines
VISOPS,ETA,2025-02-18,320,2025-02-18T19:20:00Z,SAN,MCO,737-M9E,N947AK,,AS,Alaska Airlines
VISOPS,DELAY,2025-02-18,1216,2025-02-18T19:20:00Z,SEA,SMF,737-900R,N266AK,,AS,Alaska Airlines
VISOPS,ETA,2025-02-18,1257,2025-02-18T19:21:00Z,PSP,SEA,737-900R,N267AK,,AS,Alaska Airlines
VISOPS,OUT,2025-02-18,648,2025-02-18T19:34:00Z,SEA,TUS,737-M9E,N912AK,,AS,Alaska Airlines
VISOPS,RELEASE,2025-02-18,697,2025-02-18T21:45:00Z,MSO,SEA,737-M9E,N978AK,,AS,Alaska Airlines
VISOPS,OFF,2025-02-18,626,2025-02-18T19:21:00Z,SEA,HNL,737-M9E,N722AL,,AS,Alaska Airlines
VISOPS,GATEIN,2025-02-18,3316,2025-02-18T21:12:00Z,EUG,SEA,E175,N175SY,,OO,SkyWest
VISOPS,BOARDEND,2025-02-18,1018,2025-02-18T19:41:00Z,SEA,BOI,737-800,N525AS,,AS,Alaska Airlines
VISOPS,ETD,2025-02-18,49,2025-02-18T19:40:00Z,SEA,ANC,737-900E,N467AS,,AS,Alaska Airlines
VISOPS,PAXGATEARRIVAL,2025-02-18,3460,2025-02-18T21:45:00Z,GTF,SEA,E175,N185SY,,OO,SkyWest
VISOPS,OUT,2025-02-18,95,2025-02-18T19:27:00Z,SEA,JNU,737-M9E,N928AK,,AS,Alaska Airlines
VISOPS,ETD,2025-02-18,2161,2025-02-18T21:55:00Z,BIL,PDX,E175,N651QX,,QX,Horizon Airlines
VISOPS,ETA,2025-02-18,505,2025-02-18T19:26:00Z,AUS,SEA,737-900E,N423AS,,AS,Alaska Airlines
VISOPS,ETA,2025-02-18,803,2025-02-18T19:28:00Z,SJC,OGG,737-M9E,N946AK,,AS,Alaska Airlines
VISOPS,IRROP,2025-02-18,1284,2025-02-18T19:28:00Z,SEA,SFO,737-900,N303AS,,AS,Alaska Airlines
VISOPS,ETD,2025-02-18,438,2025-02-18T20:00:00Z,SEA,IAH,737-M9E,N291BT,,AS,Alaska Airlines
VISOPS,ETA,2025-02-18,1148,2025-02-18T19:30:00Z,LAX,PDX,737-900R,N287AK,,AS,Alaska Airlines
VISOPS,ETD,2025-02-18,9992,2025-02-18T19:50:00Z,PDX,MFR,E175,N630QX,,QX,Horizon Airlines
VISOPS,DELAY,2025-02-18,1007,2025-02-18T19:35:00Z,SEA,PHX,737-900E,N494AS,,AS,Alaska Airlines
VISOPS,OUT,2025-02-18,9420,2025-02-18T19:45:00Z,SEA,SAT,737-M9E,N967AK,,AS,Alaska Airlines
VISOPS,OFF,2025-02-18,1422,2025-02-18T19:30:00Z,PDX,SJD,737-900E,N474AS,,AS,Alaska Airlines
VISOPS,GATEOUT,2025-02-18,3300,2025-02-18T22:19:00Z,SNA,TUS,E175,N177SY,,OO,SkyWest
VISOPS,ETA,2025-02-18,2132,2025-02-18T19:31:00Z,SNA,SFO,E175,N652MK,,QX,Horizon Airlines
VISOPS,ETA,2025-02-18,2151,2025-02-18T19:35:00Z,GEG,PDX,E175,N636QX,,QX,Horizon Airlines
VISOPS,BOARDEND,2025-02-18,1225,2025-02-18T19:58:00Z,SFO,SEA,737-900E,N462AS,,AS,Alaska Airlines
VISOPS,DELAY,2025-02-18,1039,2025-02-18T19:57:00Z,SEA,PDX,737-800E,N532AS,,AS,Alaska Airlines
VISOPS,OUT,2025-02-18,1143,2025-02-18T19:50:00Z,PDX,LAX,737-M9E,N960AK,,AS,Alaska Airlines
VISOPS,LOADFINAL,2025-02-18,692,2025-02-18T19:40:00Z,SEA,PSP,737-M9E,N952AK,,AS,Alaska Airlines
VISOPS,ETD,2025-02-18,1010,2025-02-18T20:00:00Z,SEA,GEG,737-800E,N533AS,,AS,Alaska Airlines
VISOPS,ETA,2025-02-18,9663,2025-02-18T19:40:00Z,ANC,SCC,737-800E,N558AS,,AS,Alaska Airlines
VISOPS,OFF,2025-02-18,1173,2025-02-18T19:40:00Z,SNA,SEA,737-800,N553AS,,AS,Alaska Airlines
VISOPS,PAXGATEARRIVAL,2025-02-18,3361,2025-02-18T21:53:00Z,SMF,PDX,E175,N193SY,,OO,SkyWest
VISOPS,ETA,2025-02-18,1382,2025-02-18T20:17:00Z,SEA,PVR,737-M9E,N903AK,,AS,Alaska Airlines
VISOPS,ETA,2025-02-18,3420,2025-02-18T19:46:00Z,SJC,PDX,E175,N412SY,,OO,SkyWest
VISOPS,LOADFINAL,2025-02-18,352,2025-02-18T19:46:00Z,SEA,ORD,737-900R,N268AK,,AS,Alaska Airlines
VISOPS,OUT,2025-02-18,909,2025-02-18T19:46:00Z,DFW,SEA,737-900R,N294AK,,AS,Alaska Airlines
VISOPS,PAXGATEARRIVAL,2025-02-18,3367,2025-02-18T22:01:00Z,PSP,SFO,E175,N181SY,,OO,SkyWest
VISOPS,LOADFINAL,2025-02-18,1137,2025-02-18T19:49:00Z,SAN,SEA,737-800E,N530AS,,AS,Alaska Airlines
VISOPS,OUT,2025-02-18,128,2025-02-18T19:50:00Z,PDX,SFO,737-800E,N517AS,,AS,Alaska Airlines
VISOPS,PAXGATEARRIVAL,2025-02-18,3418,2025-02-18T21:48:00Z,YVR,SEA,E175,N409SY,,OO,SkyWest
VISOPS,RELEASE,2025-02-18,2030,2025-02-18T21:44:00Z,RDM,SEA,E175,N639QX,,QX,Horizon Airlines
VISOPS,OUT,2025-02-18,996,2025-02-18T19:52:00Z,PVR,PDX,737-800E,N537AS,,AS,Alaska Airlines
VISOPS,OUT,2025-02-18,603,2025-02-18T19:52:00Z,PHX,SEA,737-900E,N413AS,,AS,Alaska Airlines
VISOPS,OUT,2025-02-18,1268,2025-02-18T19:54:00Z,PDX,BNA,737-900R,N293AK,,AS,Alaska Airlines
VISOPS,LOADFINAL,2025-02-18,1061,2025-02-18T19:55:00Z,BUR,SEA,737-900E,N493AS,,AS,Alaska Airlines
VISOPS,PAXGATEARRIVAL,2025-02-18,642,2025-02-18T22:15:00Z,SNA,SFO,737-800E,N594AS,,AS,Alaska Airlines
VISOPS,OUT,2025-02-18,1219,2025-02-18T19:59:00Z,LAX,SEA,737-800,N546AS,,AS,Alaska Airlines
VISOPS,BOARDSTART,2025-02-18,3407,2025-02-18T20:15:00Z,BOI,PDX,E175,N188SY,,OO,SkyWest
VISOPS,OUT,2025-02-18,9460,2025-02-18T20:00:00Z,SEA,GEG,737-800E,N586AS,,AS,Alaska Airlines
VISOPS,BOARDMID,2025-02-18,1144,2025-02-18T20:00:00Z,SEA,LAX,737-800E,N518AS,,AS,Alaska Airlines
VISOPS,BOARDEND,2025-02-18,445,2025-02-18T20:00:00Z,SEA,RNO,737-M8E,N806AK,,AS,Alaska Airlines
VISOPS,BOARDEND,2025-02-18,975,2025-02-18T20:00:00Z,SEA,SJC,737-900,N302AS,,AS,Alaska Airlines
VISOPS,PAXGATEARRIVAL,2025-02-18,106,2025-02-19T01:00:00Z,FAI,SEA,737-M9E,N709AL,,AS,Alaska Airlines
VISOPS,OUT,2025-02-18,2041,2025-02-18T20:00:00Z,ANC,FAI,E175,N645QX,,QX,Horizon Airlines
VISOPS,BOARDEND,2025-02-18,335,2025-02-18T20:00:00Z,ORD,SEA,737-900E,N419AS,,AS,Alaska Airlines
VISOPS,RELEASE,2025-02-18,9986,2025-02-18T20:00:00Z,DLG,ANC,E175,N627QX,,QX,Horizon Airlines
VISOPS,OUT,2025-02-18,3202,2025-02-18T20:00:00Z,SJC,SAN,E175,N191SY,,OO,SkyWest
VISOPS,OUT,2025-02-18,741,2025-02-18T20:04:00Z,LAS,SEA,737-800,N552AS,,AS,Alaska Airlines
VISOPS,RELEASE,2025-02-18,2014,2025-02-18T20:25:00Z,LAS,LAX,E175,N648QX,,QX,Horizon Airlines
VISOPS,RELEASE,2025-02-18,2167,2025-02-18T22:00:00Z,SJC,LAX,E175,N664QX,,QX,Horizon Airlines
VISOPS,BOARDMID,2025-02-18,678,2025-02-18T20:07:00Z,SEA,LAS,737-800E,N516AS,,AS,Alaska Airlines
VISOPS,BOARDMID,2025-02-18,2152,2025-02-18T20:09:00Z,SEA,PUW,E175,N660QX,,QX,Horizon Airlines
VISOPS,BOARDSTART,2025-02-18,2047,2025-02-18T20:13:00Z,SFO,PAE,E175,N665QX,,QX,Horizon Airlines
VISOPS,PAXGATEDEPARTURE,2025-02-18,2238,2025-02-18T20:53:00Z,SEA,ALW,E175,N655QX,,QX,Horizon Airlines
VISOPS,RELEASE,2025-02-18,2138,2025-02-18T22:07:00Z,BUR,SFO,E175,N656QX,,QX,Horizon Airlines
VISOPS,PAXGATEARRIVAL,2025-02-18,64,2025-02-19T02:41:00Z,KTN,SEA,737-700W,N644AS,,AS,Alaska Airlines
VISOPS,BOARDSTART,2025-02-18,281,2025-02-18T20:18:00Z,EWR,SEA,737-900E,N442AS,,AS,Alaska Airlines
VISOPS,BOARDSTART,2025-02-18,3383,2025-02-18T20:18:00Z,SAN,SBP,E175,N403SY,,OO,SkyWest
VISOPS,BOARDSTART,2025-02-18,1395,2025-02-18T20:19:00Z,SJD,SAN,737-M9E,N979AK,,AS,Alaska Airlines
OPS360,PAXGATEARRIVAL,2025-02-18,2028,2025-02-18T21:54:00Z,PSC,SEA,E175,N647QX,,QX,Horizon Airlines
VISOPS,BOARDSTART,2025-02-18,2215,2025-02-18T20:22:00Z,PDX,GEG,E175,N654QX,,QX,Horizon Airlines
VISOPS,ETA,2025-02-18,540,2025-02-18T20:50:00Z,PDX,AUS,737-800,N549AS,,AS,Alaska Airlines
VISOPS,RELEASE,2025-02-18,3452,2025-02-18T22:43:00Z,RNO,LAX,E175,N406SY,,OO,SkyWest
VISOPS,RELEASE,2025-02-18,3421,2025-02-18T20:30:00Z,PDX,BOI,E175,N183SY,,OO,SkyWest
VISOPS,BOARDSTART,2025-02-18,825,2025-02-18T20:30:00Z,SEA,OGG,737-M9E,N966AK,,AS,Alaska Airlines
VISOPS,BOARDSTART,2025-02-18,602,2025-02-18T20:34:00Z,SEA,DEN,737-900E,N448AS,,AS,Alaska Airlines
VISOPS,ETA,2025-02-18,2071,2025-02-18T22:38:00Z,SNA,BOI,E175,N629QX,,QX,Horizon Airlines
VISOPS,AMEND,2025-02-18,2247,2025-02-18T20:36:00Z,SEA,EAT,E175,N649QX,,QX,Horizon Airlines
VISOPS,BOARDSTART,2025-02-18,137,2025-02-18T20:37:00Z,OTZ,ANC,737-700W,N618AS,,AS,Alaska Airlines
VISOPS,PAXGATEDEPARTURE,2025-02-18,2242,2025-02-18T20:40:00Z,SEA,YKM,E175,N663QX,,QX,Horizon Airlines
VISOPS,RELEASE,2025-02-18,843,2025-02-18T20:40:00Z,SEA,KOA,737-M9E,N941AK,,AS,Alaska Airlines
VISOPS,RELEASE,2025-02-18,3373,2025-02-19T00:19:00Z,SJD,LAS,E175,N182SY,,OO,SkyWest
VISOPS,RELEASE,2025-02-18,2072,2025-02-18T22:44:00Z,FCA,SEA,E175,N622QX,,QX,Horizon Airlines
VISOPS,ETD,2025-02-18,2039,2025-02-18T21:13:00Z,ANC,DLG,E175,N634QX,,QX,Horizon Airlines
VISOPS,PAXGATEDEPARTURE,2025-02-18,1133,2025-02-18T20:47:00Z,PVR,SJC,737-900E,N471AS,,AS,Alaska Airlines
VISOPS,RELEASE,2025-02-18,3346,2025-02-18T22:54:00Z,MRY,SAN,E175,N196SY,,OO,SkyWest
VISOPS,RELEASE,2025-02-18,1134,2025-02-18T20:48:00Z,SJD,SJC,737-800E,N585AS,,AS,Alaska Airlines
VISOPS,RELEASE,2025-02-18,2011,2025-02-18T20:49:00Z,BOI,GEG,E175,N631QX,,QX,Horizon Airlines
VISOPS,RELEASE,2025-02-18,3441,2025-02-18T20:50:00Z,BOI,SMF,E175,N176SY,,OO,SkyWest
VISOPS,GATEOUT,2025-02-18,2217,2025-02-18T20:52:00Z,LAX,SFO,E175,N662QX,,QX,Horizon Airlines
VISOPS,RELEASE,2025-02-18,2018,2025-02-18T20:54:00Z,SEA,IDA,E175,N658QX,,QX,Horizon Airlines
VISOPS,RELEASE,2025-02-18,1120,2025-02-18T20:54:00Z,SEA,BUR,737-800E,N534AS,,AS,Alaska Airlines
VISOPS,PAXGATEDEPARTURE,2025-02-18,2146,2025-02-18T20:55:00Z,SFO,LAX,E175,N628QX,,QX,Horizon Airlines
VISOPS,RELEASE,2025-02-18,285,2025-02-18T21:00:00Z,EWR,LAX,737-M9E,N973AK,,AS,Alaska Airlines
VISOPS,RELEASE,2025-02-18,2184,2025-02-18T21:00:00Z,BOI,PDX,E175,N638QX,,QX,Horizon Airlines
VISOPS,PAXGATEARRIVAL,2025-02-18,3365,2025-02-18T21:44:00Z,SNA,SFO,E175,N184SY,,OO,SkyWest
VISOPS,RELEASE,2025-02-18,140,2025-02-18T21:00:00Z,FAI,SEA,737-900E,N407AS,,AS,Alaska Airlines
VISOPS,RELEASE,2025-02-18,41,2025-02-18T21:00:00Z,JFK,SFO,737-900E,N491AS,,AS,Alaska Airlines
VISOPS,AMEND,2025-02-18,1227,2025-02-18T21:00:00Z,SJC,SEA,737-800E,N577AS,,AS,Alaska Airlines
VISOPS,AMEND,2025-02-18,31,2025-02-18T21:00:00Z,JFK,SEA,737-M9E,N975AK,,AS,Alaska Airlines
VISOPS,GATEOUT,2025-02-18,7019,2025-02-19T01:10:00Z,DLG,ANC,737-800F,N583AS,,AS,Alaska Airlines
VISOPS,ETA,2025-02-18,3324,2025-02-18T21:06:00Z,STS,LAS,E175,N187SY,,OO,SkyWest
VISOPS,RELEASE,2025-02-18,2094,2025-02-18T21:10:00Z,PDX,BZN,E175,N624QX,,QX,Horizon Airlines
VISOPS,RELEASE,2025-02-18,1238,2025-02-18T21:10:00Z,PHX,PDX,737-900W,N318AS,,AS,Alaska Airlines
OPS360,RELEASE,2025-02-18,2222,2025-02-18T23:19:00Z,HLN,SEA,E175,N659QX,,QX,Horizon Airlines
VISOPS,RELEASE,2025-02-18,397,2025-02-18T21:12:00Z,MCO,SAN,737-M9E,N710AL,,AS,Alaska Airlines
VISOPS,RELEASE,2025-02-18,361,2025-02-18T21:15:00Z,OMA,SEA,737-800E,N569AS,,AS,Alaska Airlines
VISOPS,RELEASE,2025-02-18,6,2025-02-18T21:16:00Z,LAX,DCA,737-800,N526AS,,AS,Alaska Airlines
VISOPS,RELEASE,2025-02-18,700,2025-02-18T21:17:00Z,SEA,PHX,737-900R,N253AK,,AS,Alaska Airlines
VISOPS,RELEASE,2025-02-18,973,2025-02-18T21:20:00Z,YYZ,SEA,737-900R,N280AK,,AS,Alaska Airlines
VISOPS,RELEASE,2025-02-18,1228,2025-02-18T21:21:00Z,SEA,SNA,737-800E,N508AS,,AS,Alaska Airlines
VISOPS,RELEASE,2025-02-18,25,2025-02-18T21:30:00Z,JFK,SAN,737-M9E,N958AK,,AS,Alaska Airlines
VISOPS,PAXGATEARRIVAL,2025-02-18,175,2025-02-18T21:30:00Z,SEA,ANC,737-800,N528AS,,AS,Alaska Airlines
VISOPS,PAXGATEDEPARTURE,2025-02-18,9669,2025-02-18T21:30:00Z,PVR,OAK,737-M9E,N961AK,,AS,Alaska Airlines
VISOPS,PAXGATEARRIVAL,2025-02-18,119,2025-02-18T21:31:00Z,ANC,SEA,737-900R,N272AK,,AS,Alaska Airlines
VISOPS,PAXGATEARRIVAL,2025-02-18,44,2025-02-18T21:32:00Z,BET,ANC,737-700W,N615AS,,AS,Alaska Airlines
VISOPS,RELEASE,2025-02-18,1008,2025-02-18T21:33:00Z,PDX,SEA,737-800E,N532AS,,AS,Alaska Airlines
VISOPS,RELEASE,2025-02-18,2354,2025-02-18T21:34:00Z,SEA,PDX,E175,N642QX,,QX,Horizon Airlines
VISOPS,PAXGATEDEPARTURE,2025-02-18,1304,2025-02-18T21:34:00Z,SEA,SFO,737-900R,N260AK,,AS,Alaska Airlines
VISOPS,PAXGATEARRIVAL,2025-02-18,419,2025-02-18T21:35:00Z,MCO,SEA,737-M9E,N984AK,,AS,Alaska Airlines
OPS360,GATEOUT,2025-02-18,9988,2025-02-18T21:36:00Z,SEA,PAE,E175,N644QX,,QX,Horizon Airlines
VISOPS,RELEASE,2025-02-18,1084,2025-02-18T21:37:00Z,PDX,SNA,737-800E,N566AS,,AS,Alaska Airlines
VISOPS,GATEOUT,2025-02-18,3413,2025-02-18T21:38:00Z,PHX,BOI,E175,N186SY,,OO,SkyWest
VISOPS,GATEOUT,2025-02-18,3352,2025-02-18T21:39:00Z,SAN,SFO,E175,N171SY,,OO,SkyWest
VISOPS,ETA,2025-02-18,1011,2025-02-18T21:52:00Z,GEG,SEA,737-800E,N533AS,,AS,Alaska Airlines
VISOPS,PAXGATEDEPARTURE,2025-02-18,2033,2025-02-18T23:46:00Z,SNA,SFO,E175,N652MK,,QX,Horizon Airlines
VISOPS,RELEASE,2025-02-18,2406,2025-02-18T21:42:00Z,FAI,ANC,E175,N645QX,,QX,Horizon Airlines
VISOPS,PAXGATEARRIVAL,2025-02-18,535,2025-02-18T21:42:00Z,AUS,SFO,737-M9E,N724AL,,AS,Alaska Airlines
VISOPS,PAXGATEDEPARTURE,2025-02-18,3473,2025-02-18T21:42:00Z,SFO,SAN,E175,N407SY,,OO,SkyWest
VISOPS,RELEASE,2025-02-18,1297,2025-02-18T21:43:00Z,SAN,PDX,737-M9E,N962AK,,AS,Alaska Airlines
VISOPS,RELEASE,2025-02-18,582,2025-02-18T21:43:00Z,PSP,SEA,737-M9E,N716AL,,AS,Alaska Airlines
OPS360,PAXGATEDEPARTURE,2025-02-18,2414,2025-02-18T23:37:00Z,MFR,SEA,E175,N641QX,,QX,Horizon Airlines
VISOPS,PAXGATEDEPARTURE,2025-02-18,1300,2025-02-18T21:44:00Z,SEA,LAX,737-900W,N307AS,,AS,Alaska Airlines
VISOPS,PAXGATEDEPARTURE,2025-02-18,722,2025-02-18T21:44:00Z,SJD,SEA,737-900R,N292AK,,AS,Alaska Airlines
OPS360,PAXGATEARRIVAL,2025-02-18,9462,2025-02-18T21:45:00Z,GEG,SEA,737-800E,N579AS,,AS,Alaska Airlines
VISOPS,PAXGATEDEPARTURE,2025-02-18,883,2025-02-18T22:19:00Z,SAN,FLL,737-M9E,N705AL,,AS,Alaska Airlines
VISOPS,ETA,2025-02-18,1019,2025-02-18T21:52:00Z,BOI,SEA,737-800,N525AS,,AS,Alaska Airlines
VISOPS,PAXGATEDEPARTURE,2025-02-18,297,2025-02-18T21:46:00Z,EWR,SAN,737-900R,N290AK,,AS,Alaska Airlines
VISOPS,PAXGATEARRIVAL,2025-02-18,2050,2025-02-18T22:28:00Z,ALW,SEA,E175,N655QX,,QX,Horizon Airlines
VISOPS,RELEASE,2025-02-18,1454,2025-02-18T21:49:00Z,SEA,SAN,737-M9E,N971AK,,AS,Alaska Airlines
VISOPS,RELEASE,2025-02-18,2049,2025-02-18T21:50:00Z,PUW,SEA,E175,N660QX,,QX,Horizon Airlines
VISOPS,PAXGATEDEPARTURE,2025-02-18,350,2025-02-18T21:50:00Z,DEN,PDX,737-800E,N563AS,,AS,Alaska Airlines
VISOPS,ETA,2025-02-18,1006,2025-02-18T22:06:00Z,PHX,SEA,737-M9E,N703AL,,AS,Alaska Airlines
VISOPS,ETD,2025-02-18,905,2025-02-18T21:53:00Z,BZN,SEA,737-800,N524AS,,AS,Alaska Airlines
VISOPS,PAXGATEARRIVAL,2025-02-18,1375,2025-02-18T23:16:00Z,LTO,LAX,737-M8E,N803AK,,AS,Alaska Airlines
VISOPS,AIRCRAFT,2025-02-18,3332,2025-02-18T21:55:00Z,SEA,GEG,E175,N414SY,,OO,SkyWest
VISOPS,PAXGATEDEPARTURE,2025-02-18,518,2025-02-18T21:55:00Z,SEA,SLC,737-900R,N282AK,,AS,Alaska Airlines
VISOPS,PAXGATEARRIVAL,2025-02-18,303,2025-02-18T21:55:00Z,DFW,PDX,737-900E,N402AS,,AS,Alaska Airlines
VISOPS,RELEASE,2025-02-18,2400,2025-02-18T21:56:00Z,SEA,FAT,E175,N632QX,,QX,Horizon Airlines
VISOPS,PAXGATEDEPARTURE,2025-02-18,1083,2025-02-18T21:58:00Z,LAX,SEA,737-900E,N428AS,,AS,Alaska Airlines
VISOPS,ETA,2025-02-18,1413,2025-02-18T22:11:00Z,GDL,LAX,737-M9E,N954AK,,AS,Alaska Airlines
VISOPS,GATEOUT,2025-02-18,2104,2025-02-18T21:59:00Z,SEA,BOI,E175,N657QX,,QX,Horizon Airlines
VISOPS,PAXGATEDEPARTURE,2025-02-18,3124,2025-02-18T22:00:00Z,SFO,LAX,E175,N413SY,,OO,SkyWest
VISOPS,ETA,2025-02-18,663,2025-02-18T22:01:00Z,PDX,PHX,737-900E,N435AS,,AS,Alaska Airlines
VISOPS,BAGCAROUSEL,2025-02-18,2001,2025-02-18T22:02:00Z,YKM,SEA,E175,N663QX,,QX,Horizon Airlines
VISOPS,PAXGATEARRIVAL,2025-02-18,2299,2025-02-18T22:03:00Z,GEG,PDX,E175,N654QX,,QX,Horizon Airlines
VISOPS,GATEIN,2025-02-18,2228,2025-02-18T22:04:00Z,EAT,SEA,E175,N649QX,,QX,Horizon Airlines
VISOPS,PAXGATEDEPARTURE,2025-02-18,2,2025-02-18T22:05:00Z,SEA,DCA,737-800E,N512AS,,AS,Alaska Airlines
VISOPS,PAXGATEARRIVAL,2025-02-18,413,2025-02-18T22:05:00Z,ORD,PDX,737-900R,N278AK,,AS,Alaska Airlines
VISOPS,PAXGATEARRIVAL,2025-02-18,1095,2025-02-18T22:07:00Z,SMF,SEA,737-900R,N266AK,,AS,Alaska Airlines
VISOPS,GATEOUT,2025-02-18,54,2025-02-18T22:19:00Z,PSP,JFK,737-M9E,N915AK,,AS,Alaska Airlines
VISOPS,RELEASE,2025-02-18,2121,2025-02-18T22:09:00Z,PDX,BOI,E175,N636QX,,QX,Horizon Airlines
OPS360,PAXGATEARRIVAL,2025-02-18,2003,2025-02-19T02:07:00Z,ELP,SEA,E175,N637QX,,QX,Horizon Airlines
VISOPS,GATEOUT,2025-02-18,1403,2025-02-18T22:10:00Z,CUN,SEA,737-M9E,N929AK,,AS,Alaska Airlines
VISOPS,PAXGATEARRIVAL,2025-02-18,609,2025-02-19T00:01:00Z,LAS,SEA,737-900E,N434AS,,AS,Alaska Airlines
VISOPS,GATEIN,2025-02-18,3445,2025-02-18T22:14:00Z,SBP,SAN,E175,N403SY,,OO,SkyWest
VISOPS,GATEIN,2025-02-18,9662,2025-02-18T22:15:00Z,SCC,ANC,737-800E,N558AS,,AS,Alaska Airlines
VISOPS,GATEIN,2025-02-18,7004,2025-02-19T04:35:00Z,JNU,SEA,737-700F,N625AS,,AS,Alaska Airlines
VISOPS,PAXGATEDEPARTURE,2025-02-18,806,2025-02-18T22:15:00Z,OGG,SAN,737-M9E,N723AL,,AS,Alaska Airlines
VISOPS,PAXGATEDEPARTURE,2025-02-18,7,2025-02-18T22:15:00Z,DCA,SFO,737-800E,N535AS,,AS,Alaska Airlines
VISOPS,PAXGATEDEPARTURE,2025-02-18,903,2025-02-18T22:17:00Z,PVR,SEA,737-800E,N589AS,,AS,Alaska Airlines
VISOPS,ETA,2025-02-18,507,2025-02-18T22:18:00Z,IAD,SAN,737-900E,N403AS,,AS,Alaska Airlines
VISOPS,ETA,2025-02-18,2019,2025-02-18T22:20:00Z,ANC,FAI,E175,N635QX,,QX,Horizon Airlines
VISOPS,PAXGATEDEPARTURE,2025-02-18,16,2025-02-18T22:21:00Z,SEA,JFK,737-900R,N264AK,,AS,Alaska Airlines
VISOPS,GATEOUT,2025-02-18,1276,2025-02-18T22:22:00Z,PDX,PSP,737-900E,N486AS,,AS,Alaska Airlines
VISOPS,ETA,2025-02-18,856,2025-02-18T22:32:00Z,KOA,SJC,737-M9E,N969AK,,AS,Alaska Airlines
VISOPS,PAXGATEDEPARTURE,2025-02-18,853,2025-02-18T22:23:00Z,SEA,HNL,737-M9E,N917AK,,AS,Alaska Airlines
VISOPS,GATEIN,2025-02-18,131,2025-02-18T22:23:00Z,SEA,ANC,737-900W,N309AS,,AS,Alaska Airlines
VISOPS,PAXGATEDEPARTURE,2025-02-18,3379,2025-02-19T01:00:00Z,SJC,PDX,E175,N412SY,,OO,SkyWest
VISOPS,PAXGATEARRIVAL,2025-02-18,569,2025-02-18T22:25:00Z,MSY,SEA,737-900R,N263AK,,AS,Alaska Airlines
VISOPS,PAXGATEARRIVAL,2025-02-18,3,2025-02-18T22:25:00Z,DCA,SEA,737-800E,N538AS,,AS,Alaska Airlines
VISOPS,PAXGATEDEPARTURE,2025-02-18,1202,2025-02-18T22:26:00Z,SEA,SNA,737-800,N527AS,,AS,Alaska Airlines
VISOPS,PAXGATEDEPARTURE,2025-02-18,688,2025-02-18T22:27:00Z,SEA,LAS,737-900R,N288AK,,AS,Alaska Airlines
VISOPS,PAXGATEDEPARTURE,2025-02-18,3348,2025-02-19T01:00:00Z,SLC,SFO,E175,N179SY,,OO,SkyWest
VISOPS,GATEIN,2025-02-18,778,2025-02-18T22:28:00Z,PDX,LAS,737-900R,N298AK,,AS,Alaska Airlines
VISOPS,GATEIN,2025-02-18,17,2025-02-18T22:29:00Z,JFK,SEA,737-800E,N536AS,,AS,Alaska Airlines
VISOPS,PAXGATEDEPARTURE,2025-02-18,3322,2025-02-19T00:12:00Z,YYJ,SEA,E175,N178SY,,OO,SkyWest
VISOPS,BAGCAROUSEL,2025-02-18,816,2025-02-18T22:35:00Z,HNL,SEA,737-800E,N565AS,,AS,Alaska Airlines
VISOPS,ETA,2025-02-18,396,2025-02-18T22:34:00Z,SFO,LAS,737-800E,N517AS,,AS,Alaska Airlines
VISOPS,PAXGATEDEPARTURE,2025-02-18,35,2025-02-18T22:34:00Z,SFO,JFK,737-900R,N281AK,,AS,Alaska Airlines
VISOPS,PAXGATEARRIVAL,2025-02-18,94,2025-02-18T23:10:00Z,SJD,LAX,737-900W,N319AS,,AS,Alaska Airlines
VISOPS,PAXGATEARRIVAL,2025-02-18,1204,2025-02-18T22:37:00Z,PDX,SAN,737-900R,N273AK,,AS,Alaska Airlines
VISOPS,PAXGATEDEPARTURE,2025-02-18,477,2025-02-18T22:37:00Z,EWR,SEA,737-M9E,N934AK,,AS,Alaska Airlines
VISOPS,PAXGATEDEPARTURE,2025-02-18,2271,2025-02-18T22:39:00Z,GEG,BOI,E175,N631QX,,QX,Horizon Airlines
VISOPS,PAXGATEDEPARTURE,2025-02-18,89,2025-02-18T22:40:00Z,ANC,ADQ,737-700W,N607AS,,AS,Alaska Airlines
VISOPS,RELEASE,2025-02-18,2013,2025-02-18T23:03:00Z,DLG,ANC,E175,N634QX,,QX,Horizon Airlines
VISOPS,PAXGATEARRIVAL,2025-02-18,523,2025-02-18T22:41:00Z,RNO,SEA,737-M8E,N806AK,,AS,Alaska Airlines
VISOPS,ETA,2025-02-18,1059,2025-02-18T22:43:00Z,SFO,SEA,737-900,N303AS,,AS,Alaska Airlines
OPS360,AIRCRAFT,2025-02-18,2074,2025-02-18T22:45:00Z,PDX,ONT,E175,N642QX,,QX,Horizon Airlines
OPS360,IRROP,2025-02-18,9620,2025-02-18T22:45:00Z,SEA,ANC,737-800F,N584AS,,AS,Alaska Airlines
VISOPS,PAXGATEARRIVAL,2025-02-18,1160,2025-02-18T22:45:00Z,PDX,LAX,737-M9E,N977AK,,AS,Alaska Airlines
VISOPS,PAXGATEDEPARTURE,2025-02-18,66,2025-02-19T03:40:00Z,JNU,SEA,737-700W,N618AS,,AS,Alaska Airlines
OPS360,IRROP,2025-02-18,9260,2025-02-18T22:45:00Z,SEA,ANC,737-800F,N584AS,,AS,Alaska Airlines
VISOPS,ETA,2025-02-18,515,2025-02-18T23:02:00Z,PAE,PHX,737-900E,N453AS,,AS,Alaska Airlines
VISOPS,AIRCRAFT,2025-02-18,156,2025-02-18T22:50:00Z,FAI,ANC,737-800E,N590AS,,AS,Alaska Airlines
VISOPS,PAXGATEARRIVAL,2025-02-18,3404,2025-02-18T22:54:00Z,ZLO,LAX,E175,N408SY,,OO,SkyWest
VISOPS,PAXGATEARRIVAL,2025-02-18,2080,2025-02-18T22:55:00Z,ANC,PDX,E175,N645QX,,QX,Horizon Airlines
VISOPS,ETA,2025-02-18,1191,2025-02-18T23:21:00Z,SNA,SEA,737-800,N548AS,,AS,Alaska Airlines
VISOPS,PAXGATEDEPARTURE,2025-02-18,744,2025-02-18T22:59:00Z,SEA,PHX,737-900E,N462AS,,AS,Alaska Airlines
VISOPS,RELEASE,2025-02-18,2490,2025-02-18T22:59:00Z,LAX,SFO,E175,N648QX,,QX,Horizon Airlines
VISOPS,PAXGATEARRIVAL,2025-02-18,3358,2025-02-18T23:00:00Z,PDX,SEA,E175,N189SY,,OO,SkyWest
VISOPS,BAGCAROUSEL,2025-02-18,1147,2025-02-18T23:00:00Z,LAX,SEA,737-M9E,N960AK,,AS,Alaska Airlines
VISOPS,GATEOUT,2025-02-18,3493,2025-02-18T23:00:00Z,LAS,SFO,E175,N405SY,,OO,SkyWest
VISOPS,PAXGATEARRIVAL,2025-02-18,3487,2025-02-18T23:02:00Z,SMF,TUS,E175,N176SY,,OO,SkyWest
VISOPS,ETA,2025-02-18,836,2025-02-18T23:05:00Z,PDX,SFO,737-900R,N287AK,,AS,Alaska Airlines
VISOPS,PAXGATEARRIVAL,2025-02-18,1115,2025-02-18T23:06:00Z,SJC,SEA,737-900,N302AS,,AS,Alaska Airlines
VISOPS,PAXGATEARRIVAL,2025-02-18,2214,2025-02-18T23:06:00Z,SFO,LAX,E175,N662QX,,QX,Horizon Airlines
OPS360,BAGCAROUSEL,2025-02-18,2010,2025-02-18T23:07:00Z,IDA,SEA,E175,N658QX,,QX,Horizon Airlines
OPS360,AIRCRAFT,2025-02-18,2020,2025-02-19T02:32:00Z,PSP,PAE,E175,N644QX,,QX,Horizon Airlines
VISOPS,PAXGATEDEPARTURE,2025-02-18,3439,2025-02-18T23:08:00Z,SMF,SAN,E175,N197SY,,OO,SkyWest
VISOPS,AIRCRAFT,2025-02-18,2377,2025-02-18T23:09:00Z,STS,BUR,E175,N661QX,,QX,Horizon Airlines
VISOPS,PAXGATEARRIVAL,2025-02-18,2128,2025-02-19T01:24:00Z,SMF,PDX,E175,N638QX,,QX,Horizon Airlines
VISOPS,GATEOUT,2025-02-18,1355,2025-02-18T23:10:00Z,CUN,LAX,737-M8E,N805AK,,AS,Alaska Airlines
VISOPS,PAXGATEARRIVAL,2025-02-18,2056,2025-02-18T23:10:00Z,PAE,LAX,E175,N665QX,,QX,Horizon Airlines
VISOPS,GATEOUT,2025-02-18,917,2025-02-18T23:10:00Z,MCO,SEA,737-M9E,N982AK,,AS,Alaska Airlines
OPS360,IRROP,2025-02-18,7025,2025-02-18T23:11:00Z,ANC,OTZ,737-700F,N627AS,,AS,Alaska Airlines
VISOPS,BAGCAROUSEL,2025-02-18,176,2025-02-18T23:14:00Z,JNU,SEA,737-M9E,N928AK,,AS,Alaska Airlines
VISOPS,PAXGATEDEPARTURE,2025-02-18,3315,2025-02-19T01:24:00Z,SNA,SFO,E175,N400SY,,OO,SkyWest
VISOPS,PAXGATEDEPARTURE,2025-02-18,3417,2025-02-19T01:20:00Z,YVR,SEA,E175,N175SY,,OO,SkyWest
VISOPS,PAXGATEARRIVAL,2025-02-18,2334,2025-02-18T23:19:00Z,BZN,PDX,E175,N624QX,,QX,Horizon Airlines
VISOPS,PAXGATEARRIVAL,2025-02-18,226,2025-02-18T23:21:00Z,ANC,SEA,737-700W,N612AS,,AS,Alaska Airlines
VISOPS,BAGCAROUSEL,2025-02-18,364,2025-02-18T23:24:00Z,BOS,SEA,737-900R,N238AK,,AS,Alaska Airlines
VISOPS,PAXGATEARRIVAL,2025-02-18,443,2025-02-18T23:25:00Z,PHL,SEA,737-900E,N409AS,,AS,Alaska Airlines
VISOPS,PAXGATEARRIVAL,2025-02-18,641,2025-02-18T23:25:00Z,TUS,SEA,737-M9E,N912AK,,AS,Alaska Airlines
VISOPS,PAXGATEARRIVAL,2025-02-18,391,2025-02-18T23:27:00Z,IND,SEA,737-900R,N296AK,,AS,Alaska Airlines
VISOPS,GATEOUT,2025-02-18,834,2025-02-18T23:28:00Z,HNL,PDX,737-M9E,N936AK,,AS,Alaska Airlines
VISOPS,AIRCRAFT,2025-02-18,739,2025-02-18T23:28:00Z,PHX,SEA,737-900E,N494AS,,AS,Alaska Airlines
VISOPS,ETA,2025-02-18,279,2025-02-18T23:44:00Z,EWR,SFO,737-M9E,N918AK,,AS,Alaska Airlines
VISOPS,PAXGATEARRIVAL,2025-02-18,19,2025-02-18T23:30:00Z,JFK,PDX,737-M9E,N926AK,,AS,Alaska Airlines
VISOPS,PAXGATEARRIVAL,2025-02-18,691,2025-02-18T23:30:00Z,PSP,SEA,737-M9E,N952AK,,AS,Alaska Airlines
VISOPS,PAXGATEARRIVAL,2025-02-18,2223,2025-02-19T02:44:00Z,RDM,SAN,E175,N620QX,,QX,Horizon Airlines
VISOPS,PAXGATEDEPARTURE,2025-02-18,67,2025-02-19T05:46:00Z,JNU,ANC,737-700W,N622AS,,AS,Alaska Airlines
OPS360,PAXGATEDEPARTURE,2025-02-18,2376,2025-02-18T23:35:00Z,SEA,PDX,E175,N647QX,,QX,Horizon Airlines
VISOPS,PAXGATEARRIVAL,2025-02-18,485,2025-02-18T23:36:00Z,CHS,SEA,737-900R,N247AK,,AS,Alaska Airlines
VISOPS,GATEOUT,2025-02-18,2226,2025-02-19T01:59:00Z,YYC,SEA,E175,N646QX,,QX,Horizon Airlines
VISOPS,PAXGATEDEPARTURE,2025-02-18,1182,2025-02-18T23:37:00Z,SEA,PSP,737-900R,N267AK,,AS,Alaska Airlines
VISOPS,GATEIN,2025-02-18,3327,2025-02-18T23:38:00Z,GEG,SEA,E175,N414SY,,OO,SkyWest
OPS360,PAXGATEARRIVAL,2025-02-18,2036,2025-02-19T01:38:00Z,MSO,SEA,E175,N663QX,,QX,Horizon Airlines
VISOPS,GATEOUT,2025-02-18,765,2025-02-18T23:39:00Z,MCO,BOI,737-900R,N297AK,,AS,Alaska Airlines
VISOPS,PAXGATEDEPARTURE,2025-02-18,51,2025-02-18T23:40:00Z,ANC,BRW,737-700W,N615AS,,AS,Alaska Airlines
VISOPS,PAXGATEARRIVAL,2025-02-18,9,2025-02-18T23:40:00Z,DCA,PDX,737-800E,N592AS,,AS,Alaska Airlines
VISOPS,PAXGATEARRIVAL,2025-02-18,882,2025-02-18T23:40:00Z,OGG,SEA,737-M9E,N949AK,,AS,Alaska Airlines
VISOPS,PAXGATEDEPARTURE,2025-02-18,2134,2025-02-19T02:31:00Z,SJC,SEA,E175,N639QX,,QX,Horizon Airlines
VISOPS,ETA,2025-02-18,411,2025-02-19T00:23:00Z,BNA,SEA,737-900E,N440AS,,AS,Alaska Airlines
VISOPS,PAXGATEARRIVAL,2025-02-18,1315,2025-02-18T23:43:00Z,LAX,PDX,737-900E,N433AS,,AS,Alaska Airlines
VISOPS,PAXGATEDEPARTURE,2025-02-18,1140,2025-02-18T23:44:00Z,SEA,SFO,737-800,N553AS,,AS,Alaska Airlines
VISOPS,GATEIN,2025-02-18,842,2025-02-18T23:44:00Z,LIH,SEA,737-800E,N560AS,,AS,Alaska Airlines
VISOPS,PAXGATEDEPARTURE,2025-02-18,3436,2025-02-19T01:58:00Z,YLW,SEA,E175,N173SY,,OO,SkyWest
VISOPS,PAXGATEDEPARTURE,2025-02-18,460,2025-02-18T23:45:00Z,SEA,BOS,737-M9E,N935AK,,AS,Alaska Airlines
VISOPS,ETA,2025-02-18,1411,2025-02-19T00:09:00Z,PVR,SEA,737-800E,N564AS,,AS,Alaska Airlines
VISOPS,ETA,2025-02-18,1193,2025-02-18T23:49:00Z,PDX,LAX,737-M9E,N719AL,,AS,Alaska Airlines
VISOPS,PAXGATEDEPARTURE,2025-02-18,346,2025-02-18T23:50:00Z,SEA,MCO,737-M9E,N983AK,,AS,Alaska Airlines
VISOPS,PAXGATEARRIVAL,2025-02-18,415,2025-02-18T23:51:00Z,DFW,SEA,737-900R,N270AK,,AS,Alaska Airlines
VISOPS,PAXGATEARRIVAL,2025-02-18,808,2025-02-18T23:53:00Z,KOA,SEA,737-M9E,N933AK,,AS,Alaska Airlines
VISOPS,PAXGATEARRIVAL,2025-02-18,541,2025-02-18T23:53:00Z,AUS,PDX,737-900E,N457AS,,AS,Alaska Airlines
VISOPS,PAXGATEARRIVAL,2025-02-18,353,2025-02-18T23:54:00Z,ORD,SEA,737-M9E,N921AK,,AS,Alaska Airlines
VISOPS,PAXGATEDEPARTURE,2025-02-18,962,2025-02-18T23:55:00Z,SEA,GEG,737-800E,N530AS,,AS,Alaska Airlines
VISOPS,PAXGATEARRIVAL,2025-02-18,1092,2025-02-18T23:58:00Z,SEA,LAX,737-900E,N413AS,,AS,Alaska Airlines
VISOPS,GATEOUT,2025-02-18,2356,2025-02-18T23:58:00Z,SEA,BOI,E175,N649QX,,QX,Horizon Airlines
VISOPS,PAXGATEDEPARTURE,2025-02-18,2411,2025-02-18T23:58:00Z,PDX,GEG,E175,N654QX,,QX,Horizon Airlines
VISOPS,GATEIN,2025-02-18,3386,2025-02-18T23:58:00Z,PDX,STS,E175,N188SY,,OO,SkyWest
VISOPS,PAXGATEDEPARTURE,2025-02-18,230,2025-02-18T23:58:00Z,SEA,ANC,737-700W,N609AS,,AS,Alaska Airlines
VISOPS,ETA,2025-02-18,849,2025-02-19T00:01:00Z,HNL,PAE,737-900E,N472AS,,AS,Alaska Airlines
VISOPS,PAXGATEARRIVAL,2025-02-18,2353,2025-02-19T00:00:00Z,BOI,SEA,E175,N636QX,,QX,Horizon Airlines
OPS360,PAXGATEARRIVAL,2025-02-18,9740,2025-02-19T00:00:00Z,OKC,PDX,E175,N623QX,,QX,Horizon Airlines
VISOPS,PAXGATEARRIVAL,2025-02-18,403,2025-02-19T00:00:00Z,LAS,SEA,737-800E,N516AS,,AS,Alaska Airlines
VISOPS,PAXGATEARRIVAL,2025-02-18,2102,2025-02-19T00:00:00Z,PDX,SEA,E175,N650QX,,QX,Horizon Airlines
VISOPS,PAXGATEDEPARTURE,2025-02-18,1042,2025-02-19T03:20:00Z,SBP,SEA,737-800E,N533AS,,AS,Alaska Airlines
VISOPS,PAXGATEDEPARTURE,2025-02-18,1265,2025-02-19T00:05:00Z,SAN,SEA,737-M9E,N979AK,,AS,Alaska Airlines
OPS360,PAXGATEDEPARTURE,2025-02-18,2007,2025-02-19T02:03:00Z,EUG,SEA,E175,N660QX,,QX,Horizon Airlines
VISOPS,PAXGATEARRIVAL,2025-02-18,615,2025-02-19T00:08:00Z,DEN,SEA,737-900E,N448AS,,AS,Alaska Airlines
VISOPS,PAXGATEARRIVAL,2025-02-18,2145,2025-02-19T00:10:00Z,FAI,ANC,E175,N635QX,,QX,Horizon Airlines
VISOPS,GATEOUT,2025-02-18,7010,2025-02-19T02:21:00Z,BET,ANC,737-700F,N627AS,,AS,Alaska Airlines
VISOPS,AIRCRAFT,2025-02-18,1138,2025-02-19T00:11:00Z,SEA,SBA,737-800,N552AS,,AS,Alaska Airlines
VISOPS,PAXGATEDEPARTURE,2025-02-18,1352,2025-02-19T00:12:00Z,LAX,SJO,737-800E,N593AS,,AS,Alaska Airlines
VISOPS,ETA,2025-02-18,337,2025-02-19T00:12:00Z,SFO,PDX,737-900R,N224AK,,AS,Alaska Airlines
VISOPS,PAXGATEDEPARTURE,2025-02-18,3443,2025-02-19T00:14:00Z,PDX,SJC,E175,N193SY,,OO,SkyWest
VISOPS,PAXGATEARRIVAL,2025-02-18,2070,2025-02-19T00:15:00Z,BOI,SNA,E175,N629QX,,QX,Horizon Airlines
VISOPS,GATEOUT,2025-02-18,3308,2025-02-19T00:16:00Z,LAS,SAN,E175,N404SY,,OO,SkyWest
VISOPS,PAXGATEDEPARTURE,2025-02-18,632,2025-02-19T00:19:00Z,SEA,PHX,737-M9E,N985AK,,AS,Alaska Airlines
VISOPS,PAXGATEDEPARTURE,2025-02-18,155,2025-02-19T02:47:00Z,OME,ANC,737-800E,N570AS,,AS,Alaska Airlines
VISOPS,PAXGATEARRIVAL,2025-02-18,1291,2025-02-19T00:20:00Z,BUR,SEA,737-800E,N534AS,,AS,Alaska Airlines
VISOPS,PAXGATEDEPARTURE,2025-02-18,811,2025-02-19T00:20:00Z,SEA,HNL,737-M9E,N978AK,,AS,Alaska Airlines
VISOPS,PAXGATEARRIVAL,2025-02-18,1119,2025-02-19T00:20:00Z,ONT,SEA,737-M9E,N955AK,,AS,Alaska Airlines
VISOPS,GATEOUT,2025-02-18,3422,2025-02-19T00:22:00Z,SFO,PSP,E175,N171SY,,OO,SkyWest
VISOPS,PAXGATEARRIVAL,2025-02-18,2147,2025-02-19T00:22:00Z,SFO,LAX,E175,N656QX,,QX,Horizon Airlines
VISOPS,PAXGATEARRIVAL,2025-02-18,1142,2025-02-19T00:24:00Z,SEA,SAN,737-M9E,N956AK,,AS,Alaska Airlines
VISOPS,AIRCRAFT,2025-02-18,3292,2025-02-19T00:25:00Z,TUS,SMF,E175,N177SY,,OO,SkyWest
VISOPS,PAXGATEDEPARTURE,2025-02-18,3375,2025-02-19T00:29:00Z,SAN,SJC,E175,N403SY,,OO,SkyWest
VISOPS,ETA,2025-02-18,287,2025-02-19T00:29:00Z,EWR,LAX,737-900E,N479AS,,AS,Alaska Airlines
VISOPS,PAXGATEDEPARTURE,2025-02-18,1339,2025-02-19T00:30:00Z,CUN,LAX,737-M9E,N953AK,,AS,Alaska Airlines
VISOPS,PAXGATEDEPARTURE,2025-02-18,734,2025-02-19T00:30:00Z,SEA,LAS,737-900E,N481AS,,AS,Alaska Airlines
VISOPS,PAXGATEARRIVAL,2025-02-18,3494,2025-02-19T00:31:00Z,BOI,PDX,E175,N186SY,,OO,SkyWest
VISOPS,PAXGATEDEPARTURE,2025-02-18,88,2025-02-19T00:36:00Z,ADQ,ANC,737-700W,N607AS,,AS,Alaska Airlines
VISOPS,PAXGATEARRIVAL,2025-02-18,1078,2025-02-19T00:39:00Z,SFO,SEA,737-900R,N260AK,,AS,Alaska Airlines
VISOPS,ETA,2025-02-18,1267,2025-02-19T00:55:00Z,MSY,PDX,737-M9E,N943AK,,AS,Alaska Airlines
VISOPS,ETA,2025-02-18,1423,2025-02-19T00:43:00Z,SJD,PDX,737-900E,N474AS,,AS,Alaska Airlines
VISOPS,GATEIN,2025-02-18,2401,2025-02-19T00:44:00Z,FAT,SEA,E175,N632QX,,QX,Horizon Airlines
VISOPS,ETA,2025-02-18,86,2025-02-19T00:45:00Z,ANC,SCC,737-700W,N613AS,,AS,Alaska Airlines
VISOPS,PAXGATEDEPARTURE,2025-02-18,3371,2025-02-19T02:27:00Z,BLI,SEA,E175,N409SY,,OO,SkyWest
VISOPS,PAXGATEARRIVAL,2025-02-18,1229,2025-02-19T00:49:00Z,SNA,SEA,737-800E,N566AS,,AS,Alaska Airlines
VISOPS,PAXGATEARRIVAL,2025-02-18,510,2025-02-19T00:49:00Z,SLC,SEA,737-900R,N282AK,,AS,Alaska Airlines
VISOPS,GATEOUT,2025-02-18,7029,2025-02-19T00:50:00Z,ANC,ADQ,737-700F,N626AS,,AS,Alaska Airlines
VISOPS,PAXGATEARRIVAL,2025-02-18,440,2025-02-19T00:52:00Z,MIA,PDX,737-900E,N492AS,,AS,Alaska Airlines
VISOPS,ETA,2025-02-18,830,2025-02-19T00:53:00Z,HNL,SJC,737-800E,N596AS,,AS,Alaska Airlines
VISOPS,AIRCRAFT,2025-02-18,439,2025-02-19T00:55:00Z,IAH,SEA,737-M9E,N291BT,,AS,Alaska Airlines
VISOPS,GATEIN,2025-02-18,1085,2025-02-19T00:56:00Z,SNA,PDX,737-800E,N508AS,,AS,Alaska Airlines
VISOPS,GATEIN,2025-02-18,637,2025-02-19T00:59:00Z,PHX,SEA,737-900R,N253AK,,AS,Alaska Airlines
VISOPS,PAXGATEDEPARTURE,2025-02-18,399,2025-02-19T00:59:00Z,MCO,SFO,737-900R,N265AK,,AS,Alaska Airlines
VISOPS,AIRCRAFT,2025-02-18,301,2025-02-19T00:59:00Z,MCO,PDX,737-M9E,N947AK,,AS,Alaska Airlines
VISOPS,PAXGATEDEPARTURE,2025-02-18,72,2025-02-19T00:59:00Z,SEA,FAI,737-900E,N483AS,,AS,Alaska Airlines
OPS360,IRROP,2025-02-18,9577,2025-02-19T01:00:00Z,LAX,OKC,737-800E,N519AS,,AS,Alaska Airlines
VISOPS,ETA,2025-02-18,597,2025-02-19T01:00:00Z,ORD,SFO,737-900R,N268AK,,AS,Alaska Airlines
VISOPS,ETA,2025-02-18,680,2025-02-19T01:02:00Z,PDX,PHX,737-900W,N318AS,,AS,Alaska Airlines
VISOPS,ETA,2025-02-18,1415,2025-02-19T01:06:00Z,LIR,LAX,737-M8E,N804AK,,AS,Alaska Airlines
VISOPS,ETA,2025-02-18,838,2025-02-19T01:05:00Z,OGG,SJC,737-M9E,N720AL,,AS,Alaska Airlines
VISOPS,PAXGATEDEPARTURE,2025-02-18,2130,2025-02-19T01:07:00Z,PDX,OAK,E175,N651QX,,QX,Horizon Airlines
VISOPS,ETA,2025-02-18,2355,2025-02-19T01:11:00Z,BUR,SFO,E175,N661QX,,QX,Horizon Airlines
VISOPS,PAXGATEDEPARTURE,2025-02-18,428,2025-02-19T01:14:00Z,SEA,PHX,737-900R,N294AK,,AS,Alaska Airlines
VISOPS,PAXGATEDEPARTURE,2025-02-18,1353,2025-02-19T02:30:00Z,LAX,GUA,737-M8E,N803AK,,AS,Alaska Airlines
VISOPS,PAXGATEARRIVAL,2025-02-18,1269,2025-02-19T01:14:00Z,BNA,PDX,737-900R,N293AK,,AS,Alaska Airlines
VISOPS,PAXGATEDEPARTURE,2025-02-18,2100,2025-02-19T03:29:00Z,OTZ,ANC,E175,N634QX,,QX,Horizon Airlines
OPS360,GATEIN,2025-02-18,2082,2025-02-19T01:15:00Z,PDX,SEA,E175,N647QX,,QX,Horizon Airlines
VISOPS,ETD,2025-02-18,313,2025-02-19T01:18:00Z,AUS,SEA,737-800,N549AS,,AS,Alaska Airlines
VISOPS,PAXGATEDEPARTURE,2025-02-18,3477,2025-02-19T01:19:00Z,LAX,SFO,E175,N406SY,,OO,SkyWest
VISOPS,PAXGATEDEPARTURE,2025-02-18,341,2025-02-19T01:19:00Z,SEA,SJC,737-800E,N532AS,,AS,Alaska Airlines
VISOPS,GATEIN,2025-02-18,896,2025-02-19T01:38:00Z,HNL,SEA,737-M9E,N913AK,,AS,Alaska Airlines
VISOPS,PAXGATEARRIVAL,2025-02-18,3423,2025-02-19T01:27:00Z,SAN,SFO,E175,N197SY,,OO,SkyWest
VISOPS,PAXGATEDEPARTURE,2025-02-18,3313,2025-02-19T01:30:00Z,SEA,PDX,E175,N185SY,,OO,SkyWest
VISOPS,PAXGATEARRIVAL,2025-02-18,1186,2025-02-19T01:30:00Z,SAN,SEA,737-M9E,N971AK,,AS,Alaska Airlines
VISOPS,ETA,2025-02-18,662,2025-02-19T01:30:00Z,PHX,PDX,737-900E,N435AS,,AS,Alaska Airlines
VISOPS,PAXGATEARRIVAL,2025-02-18,1301,2025-02-19T01:30:00Z,LAX,SEA,737-900W,N307AS,,AS,Alaska Airlines
VISOPS,GATEIN,2025-02-18,248,2025-02-19T01:32:00Z,ANC,SEA,737-M9E,N931AK,,AS,Alaska Airlines
VISOPS,PAXGATEARRIVAL,2025-02-18,779,2025-02-19T01:35:00Z,LAS,PDX,737-900R,N298AK,,AS,Alaska Airlines
VISOPS,GATEIN,2025-02-18,278,2025-02-19T01:37:00Z,PDX,LAX,737-M9E,N962AK,,AS,Alaska Airlines
VISOPS,ETA,2025-02-18,2407,2025-02-19T01:40:00Z,GEG,PDX,E175,N654QX,,QX,Horizon Airlines
VISOPS,ETA,2025-02-18,2063,2025-02-19T01:40:00Z,SFO,SAN,E175,N648QX,,QX,Horizon Airlines
VISOPS,GATEIN,2025-02-18,617,2025-02-19T01:41:00Z,PSP,PDX,737-900E,N486AS,,AS,Alaska Airlines
OPS360,AIRCRAFT,2025-02-18,2156,2025-02-19T01:41:00Z,SEA,BZN,E175,N622QX,,QX,Horizon Airlines
VISOPS,PAXGATEDEPARTURE,2025-02-18,1104,2025-02-19T01:42:00Z,SEA,SNA,737-800,N525AS,,AS,Alaska Airlines
VISOPS,PAXGATEDEPARTURE,2025-02-18,147,2025-02-19T01:42:00Z,SEA,DEN,737-900E,N423AS,,AS,Alaska Airlines
VISOPS,PAXGATEDEPARTURE,2025-02-18,382,2025-02-19T01:42:00Z,SEA,BNA,737-900R,N266AK,,AS,Alaska Airlines
VISOPS,ETA,2025-02-18,2137,2025-02-19T01:43:00Z,BOI,GEG,E175,N657QX,,QX,Horizon Airlines
OPS360,PAXGATEARRIVAL,2025-02-18,2202,2025-02-19T01:44:00Z,ONT,PDX,E175,N642QX,,QX,Horizon Airlines
OPS360,IRROP,2025-02-18,7026,2025-02-19T01:45:00Z,OTZ,ANC,737-700F,N627AS,,AS,Alaska Airlines
OPS360,PAXGATEDEPARTURE,2025-02-18,2085,2025-02-19T01:45:00Z,SEA,OAK,E175,N655QX,,QX,Horizon Airlines
VISOPS,ETA,2025-02-18,881,2025-02-19T01:45:00Z,ANC,KOA,737-900E,N467AS,,AS,Alaska Airlines
VISOPS,PAXGATEDEPARTURE,2025-02-18,149,2025-02-19T01:45:00Z,SEA,BUR,737-800E,N577AS,,AS,Alaska Airlines
VISOPS,ETA,2025-02-18,2062,2025-02-19T01:46:00Z,BOI,SFO,E175,N631QX,,QX,Horizon Airlines
VISOPS,PAXGATEDEPARTURE,2025-02-18,422,2025-02-19T01:47:00Z,SEA,IAH,737-900E,N407AS,,AS,Alaska Airlines
VISOPS,PAXGATEARRIVAL,2025-02-18,971,2025-02-19T01:50:00Z,SFO,SEA,737-800E,N594AS,,AS,Alaska Airlines
OPS360,PAXGATEDEPARTURE,2025-02-18,2038,2025-02-19T01:50:00Z,PDX,SFO,E175,N624QX,,QX,Horizon Airlines
VISOPS,ETA,2025-02-18,728,2025-02-19T01:52:00Z,PDX,LAS,737-800E,N563AS,,AS,Alaska Airlines
VISOPS,PAXGATEARRIVAL,2025-02-18,964,2025-02-19T01:52:00Z,GEG,SEA,737-800E,N530AS,,AS,Alaska Airlines
VISOPS,PAXGATEDEPARTURE,2025-02-18,2394,2025-02-19T01:53:00Z,PDX,RNO,E175,N633QX,,QX,Horizon Airlines
VISOPS,PAXGATEARRIVAL,2025-02-18,2092,2025-02-19T01:54:00Z,SFO,BOI,E175,N652MK,,QX,Horizon Airlines
OPS360,PAXGATEDEPARTURE,2025-02-18,2076,2025-02-19T01:55:00Z,SEA,GEG,E175,N650QX,,QX,Horizon Airlines
VISOPS,PAXGATEDEPARTURE,2025-02-18,3347,2025-02-19T03:59:00Z,BOI,SEA,E175,N414SY,,OO,SkyWest
VISOPS,PAXGATEDEPARTURE,2025-02-18,594,2025-02-19T01:57:00Z,SEA,AUS,737-900E,N493AS,,AS,Alaska Airlines
VISOPS,PAXGATEARRIVAL,2025-02-18,2140,2025-02-19T01:58:00Z,BOI,LAX,E175,N649QX,,QX,Horizon Airlines
VISOPS,PAXGATEDEPARTURE,2025-02-18,2408,2025-02-19T03:40:00Z,FAI,ANC,E175,N635QX,,QX,Horizon Airlines
VISOPS,ETA,2025-02-18,1345,2025-02-19T02:05:00Z,PVR,SFO,737-M9E,N903AK,,AS,Alaska Airlines
OPS360,PAXGATEDEPARTURE,2025-02-18,1318,2025-02-19T01:59:00Z,SEA,SFO,737-M8E,N806AK,,AS,Alaska Airlines
VISOPS,ETD,2025-02-18,868,2025-02-19T01:59:00Z,KOA,PDX,737-900E,N408AS,,AS,Alaska Airlines
VISOPS,PAXGATEDEPARTURE,2025-02-18,1054,2025-02-19T01:59:00Z,SEA,LAX,737-900R,N272AK,,AS,Alaska Airlines
VISOPS,PAXGATEARRIVAL,2025-02-18,1294,2025-02-19T01:59:00Z,SAN,PDX,737-900R,N273AK,,AS,Alaska Airlines
VISOPS,PAXGATEDEPARTURE,2025-02-18,120,2025-02-19T01:59:00Z,SEA,ANC,737-M9E,N703AL,,AS,Alaska Airlines
VISOPS,PAXGATEARRIVAL,2025-02-18,1203,2025-02-19T01:59:00Z,SNA,SEA,737-800,N527AS,,AS,Alaska Airlines
VISOPS,PAXGATEDEPARTURE,2025-02-18,509,2025-02-19T01:59:00Z,SEA,ABQ,737-900,N302AS,,AS,Alaska Airlines
VISOPS,PAXGATEDEPARTURE,2025-02-18,538,2025-02-19T02:03:00Z,SEA,ORD,737-900,N303AS,,AS,Alaska Airlines
VISOPS,AIRCRAFT,2025-02-18,372,2025-02-19T02:04:00Z,SEA,DFW,737-800,N546AS,,AS,Alaska Airlines
VISOPS,PAXGATEDEPARTURE,2025-02-18,534,2025-02-19T02:04:00Z,SFO,AUS,737-900R,N287AK,,AS,Alaska Airlines
VISOPS,PAXGATEDEPARTURE,2025-02-18,839,2025-02-19T02:05:00Z,SEA,LIH,737-800E,N562AS,,AS,Alaska Airlines
VISOPS,PAXGATEDEPARTURE,2025-02-18,139,2025-02-19T02:12:00Z,LAX,PDX,737-M9E,N977AK,,AS,Alaska Airlines
VISOPS,PAXGATEDEPARTURE,2025-02-18,608,2025-02-19T02:15:00Z,SEA,PHX,737-800,N524AS,,AS,Alaska Airlines
VISOPS,PAXGATEDEPARTURE,2025-02-18,1047,2025-02-19T02:16:00Z,PDX,SNA,737-800E,N537AS,,AS,Alaska Airlines
VISOPS,PAXGATEARRIVAL,2025-02-18,3321,2025-02-19T02:18:00Z,STS,PDX,E175,N188SY,,OO,SkyWest
VISOPS,PAXGATEARRIVAL,2025-02-18,866,2025-02-19T02:20:00Z,HNL,LAX,737-M9E,N942AK,,AS,Alaska Airlines
VISOPS,PAXGATEDEPARTURE,2025-02-18,3357,2025-02-19T02:20:00Z,SAN,AUS,E175,N196SY,,OO,SkyWest
VISOPS,GATEOUT,2025-02-18,837,2025-02-19T02:21:00Z,SJC,HNL,737-900E,N471AS,,AS,Alaska Airlines
VISOPS,PAXGATEDEPARTURE,2025-02-18,1098,2025-02-19T02:27:00Z,SEA,SAN,737-M9E,N938AK,,AS,Alaska Airlines
VISOPS,AIRCRAFT,2025-02-18,897,2025-02-19T02:30:00Z,OGG,PDX,737-M9E,N946AK,,AS,Alaska Airlines
VISOPS,PAXGATEARRIVAL,2025-02-18,52,2025-02-19T02:30:00Z,BRW,ANC,737-700W,N615AS,,AS,Alaska Airlines
VISOPS,PAXGATEDEPARTURE,2025-02-18,3125,2025-02-19T02:30:00Z,LAX,SJC,E175,N411SY,,OO,SkyWest
VISOPS,PAXGATEDEPARTURE,2025-02-18,45,2025-02-19T02:30:00Z,ANC,BET,737-800,N528AS,,AS,Alaska Airlines
VISOPS,PAXGATEDEPARTURE,2025-02-18,656,2025-02-19T02:31:00Z,SEA,HNL,737-900E,N428AS,,AS,Alaska Airlines
VISOPS,PAXGATEDEPARTURE,2025-02-18,69,2025-02-19T05:29:00Z,KTN,JNU,737-700W,N619AS,,AS,Alaska Airlines
VISOPS,IRROP,2025-02-18,7039,2025-02-19T07:00:00Z,SEA,LAX,737-700F,N626AS,,AS,Alaska Airlines
VISOPS,PAXGATEDEPARTURE,2025-02-18,805,2025-02-19T02:33:00Z,SEA,OGG,737-900E,N469AS,,AS,Alaska Airlines
OPS360,PAXGATEDEPARTURE,2025-02-18,2052,2025-02-19T02:34:00Z,LAX,PAE,E175,N664QX,,QX,Horizon Airlines
VISOPS,PAXGATEARRIVAL,2025-02-18,1102,2025-02-19T02:35:00Z,PHX,SEA,737-900E,N453AS,,AS,Alaska Airlines
VISOPS,GATEIN,2025-02-18,7030,2025-02-19T02:37:00Z,ADQ,ANC,737-700F,N626AS,,AS,Alaska Airlines
VISOPS,PAXGATEDEPARTURE,2025-02-18,3328,2025-02-19T02:40:00Z,PDX,BOI,E175,N186SY,,OO,SkyWest
VISOPS,PAXGATEDEPARTURE,2025-02-18,386,2025-02-19T02:41:00Z,SEA,MSP,737-900E,N464AS,,AS,Alaska Airlines
VISOPS,PAXGATEARRIVAL,2025-02-18,3385,2025-02-19T02:45:00Z,SJC,LAX,E175,N193SY,,OO,SkyWest
VISOPS,PAXGATEARRIVAL,2025-02-18,3479,2025-02-19T02:46:00Z,SFO,LAX,E175,N405SY,,OO,SkyWest
VISOPS,PAXGATEARRIVAL,2025-02-18,141,2025-02-19T02:51:00Z,PHX,ANC,737-900E,N462AS,,AS,Alaska Airlines
VISOPS,GATEIN,2025-02-18,876,2025-02-19T02:51:00Z,HNL,SFO,737-M9E,N722AL,,AS,Alaska Airlines
VISOPS,AIRCRAFT,2025-02-18,3459,2025-02-19T02:53:00Z,SJC,SAN,E175,N403SY,,OO,SkyWest
VISOPS,PAXGATEDEPARTURE,2025-02-18,339,2025-02-19T02:55:00Z,SEA,LAS,737-M9E,N928AK,,AS,Alaska Airlines
VISOPS,PAXGATEDEPARTURE,2025-02-18,1088,2025-02-19T02:55:00Z,SEA,ONT,737-M9E,N960AK,,AS,Alaska Airlines
VISOPS,GATEOUT,2025-02-18,3319,2025-02-19T02:59:00Z,LAS,STS,E175,N187SY,,OO,SkyWest
OPS360,PAXGATEDEPARTURE,2025-02-18,2054,2025-02-19T02:59:00Z,SEA,GEG,E175,N659QX,,QX,Horizon Airlines
VISOPS,PAXGATEDEPARTURE,2025-02-18,801,2025-02-19T02:59:00Z,SEA,KOA,737-800E,N569AS,,AS,Alaska Airlines
VISOPS,AIRCRAFT,2025-02-18,3388,2025-02-19T03:05:00Z,FAT,SAN,E175,N410SY,,OO,SkyWest
VISOPS,AIRCRAFT,2025-02-18,1062,2025-02-19T03:06:00Z,PDX,BUR,737-900R,N224AK,,AS,Alaska Airlines
VISOPS,PAXGATEDEPARTURE,2025-02-18,1194,2025-02-19T03:09:00Z,SEA,SMF,737-M9E,N975AK,,AS,Alaska Airlines
VISOPS,GATEIN,2025-02-18,1183,2025-02-19T03:09:00Z,PSP,SEA,737-900R,N267AK,,AS,Alaska Airlines
VISOPS,PAXGATEARRIVAL,2025-02-18,87,2025-02-19T03:15:00Z,SCC,ANC,737-700W,N613AS,,AS,Alaska Airlines
VISOPS,PAXGATEARRIVAL,2025-02-18,601,2025-02-19T03:15:00Z,LAS,SEA,737-900R,N288AK,,AS,Alaska Airlines
VISOPS,PAXGATEDEPARTURE,2025-02-18,1201,2025-02-19T03:15:00Z,LAX,LAS,737-M9E,N719AL,,AS,Alaska Airlines
VISOPS,PAXGATEARRIVAL,2025-02-18,1122,2025-02-19T03:15:00Z,PDX,SAN,737-900E,N433AS,,AS,Alaska Airlines
VISOPS,GATEIN,2025-02-18,3442,2025-02-19T03:16:00Z,SMF,BOI,E175,N177SY,,OO,SkyWest
VISOPS,PAXGATEDEPARTURE,2025-02-18,3481,2025-02-19T03:18:00Z,SEA,SLC,E175,N189SY,,OO,SkyWest
VISOPS,BAGCAROUSEL,2025-02-18,1139,2025-02-19T03:27:00Z,SBA,SEA,737-800,N552AS,,AS,Alaska Airlines
VISOPS,ETA,2025-02-18,2426,2025-02-19T03:30:00Z,GEG,BOI,E175,N657QX,,QX,Horizon Airlines
VISOPS,PAXGATEARRIVAL,2025-02-18,177,2025-02-19T03:32:00Z,ANC,ADQ,737-700W,N607AS,,AS,Alaska Airlines
OPS360,PAXGATEARRIVAL,2025-02-18,2086,2025-02-19T03:32:00Z,OAK,SEA,E175,N651QX,,QX,Horizon Airlines
VISOPS,PAXGATEDEPARTURE,2025-02-18,3354,2025-02-19T03:34:00Z,SFO,BUR,E175,N406SY,,OO,SkyWest
VISOPS,PAXGATEARRIVAL,2025-02-18,2177,2025-02-19T03:35:00Z,PDX,SEA,E175,N645QX,,QX,Horizon Airlines
OPS360,GATEIN,2025-02-18,2330,2025-02-19T03:35:00Z,GEG,SEA,E175,N650QX,,QX,Horizon Airlines
VISOPS,PAXGATEDEPARTURE,2025-02-18,2385,2025-02-19T03:38:00Z,PDX,GEG,E175,N653QX,,QX,Horizon Airlines
VISOPS,PAXGATEDEPARTURE,2025-02-18,827,2025-02-19T03:39:00Z,ANC,HNL,737-900E,N461AS,,AS,Alaska Airlines
VISOPS,PAXGATEARRIVAL,2025-02-18,2431,2025-02-19T03:40:00Z,SFO,SAN,E175,N661QX,,QX,Horizon Airlines
VISOPS,PAXGATEDEPARTURE,2025-02-18,3341,2025-02-19T03:44:00Z,PDX,PSP,E175,N185SY,,OO,SkyWest
VISOPS,PAXGATEARRIVAL,2025-02-18,1093,2025-02-19T03:47:00Z,LAX,SEA,737-900W,N319AS,,AS,Alaska Airlines
VISOPS,GATEOUT,2025-02-18,1288,2025-02-19T03:48:00Z,SEA,SNA,737-800,N523AS,,AS,Alaska Airlines
VISOPS,PAXGATEARRIVAL,2025-02-18,3339,2025-02-19T03:49:00Z,SFO,SEA,E175,N400SY,,OO,SkyWest
VISOPS,PAXGATEDEPARTURE,2025-02-18,193,2025-02-19T03:50:00Z,LAX,ANC,737-M9E,N954AK,,AS,Alaska Airlines
OPS360,PAXGATEARRIVAL,2025-02-18,2387,2025-02-19T03:50:00Z,SEA,PDX,E175,N641QX,,QX,Horizon Airlines
VISOPS,PAXGATEDEPARTURE,2025-02-18,3356,2025-02-19T03:50:00Z,LAX,BOI,E175,N408SY,,OO,SkyWest
VISOPS,PAXGATEDEPARTURE,2025-02-18,1131,2025-02-19T03:50:00Z,SEA,SAN,737-M9E,N952AK,,AS,Alaska Airlines
VISOPS,PAXGATEDEPARTURE,2025-02-18,224,2025-02-19T03:54:00Z,SEA,TUS,737-M9E,N912AK,,AS,Alaska Airlines
OPS360,PAXGATEDEPARTURE,2025-02-18,2367,2025-02-19T03:55:00Z,SEA,BIL,E175,N658QX,,QX,Horizon Airlines
OPS360,AIRCRAFT,2025-02-18,2025,2025-02-19T03:55:00Z,SEA,IDA,E175,N647QX,,QX,Horizon Airlines
VISOPS,PAXGATEARRIVAL,2025-02-18,1005,2025-02-19T03:55:00Z,SAN,SFO,737-M9E,N710AL,,AS,Alaska Airlines
VISOPS,PAXGATEDEPARTURE,2025-02-18,3426,2025-02-19T03:55:00Z,LAX,PSC,E175,N194SY,,OO,SkyWest
VISOPS,GATEIN,2025-02-18,3343,2025-02-19T03:55:00Z,SEA,FAT,E175,N178SY,,OO,SkyWest
VISOPS,PAXGATEDEPARTURE,2025-02-18,228,2025-02-19T03:55:00Z,SEA,ANC,737-900E,N442AS,,AS,Alaska Airlines
VISOPS,PAXGATEDEPARTURE,2025-02-18,871,2025-02-19T03:55:00Z,LAX,SFO,737-900E,N413AS,,AS,Alaska Airlines
VISOPS,PAXGATEDEPARTURE,2025-02-18,3462,2025-02-19T03:57:00Z,SEA,BLI,E175,N175SY,,OO,SkyWest
VISOPS,PAXGATEARRIVAL,2025-02-18,2395,2025-02-19T03:57:00Z,RNO,PDX,E175,N633QX,,QX,Horizon Airlines
VISOPS,GATEIN,2025-02-18,2155,2025-02-19T03:58:00Z,SAN,PAE,E175,N648QX,,QX,Horizon Airlines
VISOPS,GATEIN,2025-02-18,3377,2025-02-19T03:59:00Z,LAS,SBP,E175,N182SY,,OO,SkyWest
VISOPS,GATEIN,2025-02-18,1014,2025-02-19T03:59:00Z,SEA,SFO,737-900R,N280AK,,AS,Alaska Airlines
VISOPS,GATEOUT,2025-02-18,2116,2025-02-19T03:59:00Z,SNA,PAE,E175,N629QX,,QX,Horizon Airlines
VISOPS,PAXGATEDEPARTURE,2025-02-18,1223,2025-02-19T03:59:00Z,SEA,LAX,737-M9E,N716AL,,AS,Alaska Airlines
VISOPS,PAXGATEDEPARTURE,2025-02-18,3323,2025-02-19T03:59:00Z,LAX,EUG,E175,N198SY,,OO,SkyWest
VISOPS,PAXGATEDEPARTURE,2025-02-18,3431,2025-02-19T03:59:00Z,SFO,PDX,E175,N179SY,,OO,SkyWest
VISOPS,PAXGATEDEPARTURE,2025-02-18,924,2025-02-19T04:00:00Z,SEA,RDM,737-800E,N530AS,,AS,Alaska Airlines
VISOPS,PAXGATEDEPARTURE,2025-02-18,133,2025-02-19T04:01:00Z,SEA,EUG,737-900R,N292AK,,AS,Alaska Airlines
VISOPS,PAXGATEDEPARTURE,2025-02-18,3428,2025-02-19T04:01:00Z,SEA,PSP,E175,N409SY,,OO,SkyWest
VISOPS,PAXGATEARRIVAL,2025-02-18,3408,2025-02-19T04:05:00Z,PDX,FAT,E175,N412SY,,OO,SkyWest
VISOPS,PAXGATEARRIVAL,2025-02-18,53,2025-02-19T04:06:00Z,PHX,SEA,737-M9E,N985AK,,AS,Alaska Airlines
VISOPS,PAXGATEDEPARTURE,2025-02-18,2045,2025-02-19T04:07:00Z,LAX,MFR,E175,N628QX,,QX,Horizon Airlines
VISOPS,PAXGATEDEPARTURE,2025-02-18,644,2025-02-19T04:10:00Z,SEA,PHX,737-M9E,N979AK,,AS,Alaska Airlines
VISOPS,GATEOUT,2025-02-18,798,2025-02-19T04:10:00Z,SEA,LAS,737-900E,N494AS,,AS,Alaska Airlines
VISOPS,PAXGATEDEPARTURE,2025-02-18,1004,2025-02-19T04:10:00Z,SEA,GEG,737-800,N548AS,,AS,Alaska Airlines
VISOPS,PAXGATEDEPARTURE,2025-02-18,1022,2025-02-19T04:11:00Z,SEA,PSC,737-900E,N434AS,,AS,Alaska Airlines
VISOPS,PAXGATEDEPARTURE,2025-02-18,71,2025-02-19T04:15:00Z,SEA,JNU,737-900E,N431AS,,AS,Alaska Airlines
VISOPS,PAXGATEDEPARTURE,2025-02-18,1034,2025-02-19T04:15:00Z,SEA,BOI,737-800E,N589AS,,AS,Alaska Airlines
VISOPS,PAXGATEDEPARTURE,2025-02-18,97,2025-02-19T04:15:00Z,SEA,FAI,737-900R,N260AK,,AS,Alaska Airlines
VISOPS,GATEOUT,2025-02-18,7096,2025-02-19T06:51:00Z,JNU,ANC,737-800F,N583AS,,AS,Alaska Airlines
VISOPS,GATEOUT,2025-02-18,134,2025-02-19T04:24:00Z,PDX,PHX,737-900E,N402AS,,AS,Alaska Airlines
VISOPS,GATEIN,2025-02-18,2248,2025-02-19T04:25:00Z,SFO,RDM,E175,N631QX,,QX,Horizon Airlines
OPS360,PAXGATEARRIVAL,2025-02-18,2207,2025-02-19T04:32:00Z,OAK,PDX,E175,N655QX,,QX,Horizon Airlines
VISOPS,PAXGATEARRIVAL,2025-02-18,144,2025-02-19T04:33:00Z,SAN,GEG,737-M9E,N919AK,,AS,Alaska Airlines
VISOPS,GATEIN,2025-02-18,3126,2025-02-19T04:33:00Z,SJC,LAX,E175,N411SY,,OO,SkyWest
OPS360,PAXGATEDEPARTURE,2025-02-18,514,2025-02-19T04:38:00Z,PHX,PAE,737-900W,N318AS,,AS,Alaska Airlines
VISOPS,PAXGATEDEPARTURE,2025-02-18,1310,2025-02-19T04:39:00Z,SEA,SJC,737-900E,N448AS,,AS,Alaska Airlines
OPS360,PAXGATEARRIVAL,2025-02-18,2239,2025-02-19T04:43:00Z,GEG,SEA,E175,N659QX,,QX,Horizon Airlines
VISOPS,PAXGATEARRIVAL,2025-02-18,46,2025-02-19T04:45:00Z,BET,ANC,737-800,N528AS,,AS,Alaska Airlines
VISOPS,PAXGATEARRIVAL,2025-02-18,1185,2025-02-19T04:46:00Z,SJC,SEA,737-M9E,N969AK,,AS,Alaska Airlines
VISOPS,PAXGATEDEPARTURE,2025-02-18,1280,2025-02-19T04:48:00Z,LAX,GEG,737-M9E,N973AK,,AS,Alaska Airlines
VISOPS,PAXGATEDEPARTURE,2025-02-18,2110,2025-02-19T04:54:00Z,ANC,FAI,E175,N635QX,,QX,Horizon Airlines
VISOPS,PAXGATEDEPARTURE,2025-02-18,2272,2025-02-19T04:59:00Z,PDX,SJC,E175,N638QX,,QX,Horizon Airlines
VISOPS,AIRCRAFT,2025-02-18,3392,2025-02-19T04:59:00Z,SAN,MRY,E175,N407SY,,OO,SkyWest
VISOPS,PAXGATEDEPARTURE,2025-02-18,3387,2025-02-19T04:59:00Z,LAX,SJC,E175,N413SY,,OO,SkyWest
VISOPS,PAXGATEARRIVAL,2025-02-18,3334,2025-02-19T04:59:00Z,SAN,FAT,E175,N404SY,,OO,SkyWest
OPS360,PAXGATEDEPARTURE,2025-02-18,2287,2025-02-19T04:59:00Z,PDX,SMF,E175,N642QX,,QX,Horizon Airlines
VISOPS,PAXGATEDEPARTURE,2025-02-18,146,2025-02-19T04:59:00Z,SEA,PDX,737-800E,N534AS,,AS,Alaska Airlines
VISOPS,PAXGATEDEPARTURE,2025-02-18,3370,2025-02-19T04:59:00Z,SAN,LAS,E175,N403SY,,OO,SkyWest
VISOPS,PAXGATEARRIVAL,2025-02-18,3444,2025-02-19T04:59:00Z,SAN,SBP,E175,N195SY,,OO,SkyWest
VISOPS,PAXGATEDEPARTURE,2025-02-18,3350,2025-02-19T04:59:00Z,LAX,RNO,E175,N193SY,,OO,SkyWest
VISOPS,PAXGATEDEPARTURE,2025-02-18,3416,2025-02-19T04:59:00Z,SFO,SNA,E175,N197SY,,OO,SkyWest
VISOPS,PAXGATEDEPARTURE,2025-02-18,70,2025-02-19T07:24:00Z,JNU,SIT,737-700W,N609AS,,AS,Alaska Airlines
VISOPS,PAXGATEDEPARTURE,2025-02-18,3476,2025-02-19T04:59:00Z,LAX,STS,E175,N405SY,,OO,SkyWest
VISOPS,PAXGATEDEPARTURE,2025-02-18,3349,2025-02-19T04:59:00Z,SAN,SMF,E175,N410SY,,OO,SkyWest
OPS360,PAXGATEARRIVAL,2025-02-18,2065,2025-02-19T04:59:00Z,LAX,RDM,E175,N656QX,,QX,Horizon Airlines
VISOPS,ETA,2025-02-18,2093,2025-02-19T05:14:00Z,BOI,GEG,E175,N657QX,,QX,Horizon Airlines
VISOPS,PAXGATEARRIVAL,2025-02-18,194,2025-02-19T05:17:00Z,SAN,SJC,737-900R,N290AK,,AS,Alaska Airlines
VISOPS,PAXGATEDEPARTURE,2025-02-18,394,2025-02-19T05:20:00Z,SEA,MCO,737-800E,N594AS,,AS,Alaska Airlines
VISOPS,PAXGATEDEPARTURE,2025-02-18,360,2025-02-19T05:20:00Z,SEA,TPA,737-900R,N263AK,,AS,Alaska Airlines
VISOPS,PAXGATEARRIVAL,2025-02-18,2372,2025-02-19T05:24:00Z,GEG,PDX,E175,N653QX,,QX,Horizon Airlines
VISOPS,PAXGATEDEPARTURE,2025-02-18,197,2025-02-19T05:25:00Z,PDX,ANC,737-900R,N298AK,,AS,Alaska Airlines
VISOPS,GATEIN,2025-02-18,1162,2025-02-19T05:29:00Z,PDX,SAN,737-900R,N278AK,,AS,Alaska Airlines
VISOPS,PAXGATEDEPARTURE,2025-02-18,2112,2025-02-19T05:36:00Z,SEA,BOI,E175,N639QX,,QX,Horizon Airlines
VISOPS,PAXGATEDEPARTURE,2025-02-18,2123,2025-02-19T05:37:00Z,SEA,MSO,E175,N645QX,,QX,Horizon Airlines
VISOPS,PAXGATEDEPARTURE,2025-02-18,1016,2025-02-19T05:40:00Z,SEA,RNO,737-900R,N214AK,,AS,Alaska Airlines
VISOPS,PAXGATEDEPARTURE,2025-02-18,3393,2025-02-19T05:40:00Z,SEA,YYJ,E175,N173SY,,OO,SkyWest
VISOPS,PAXGATEDEPARTURE,2025-02-18,2284,2025-02-19T05:40:00Z,SEA,FCA,E175,N663QX,,QX,Horizon Airlines
VISOPS,PAXGATEDEPARTURE,2025-02-18,2051,2025-02-19T05:45:00Z,SEA,GEG,E175,N660QX,,QX,Horizon Airlines
VISOPS,PAXGATEARRIVAL,2025-02-18,1082,2025-02-19T05:58:00Z,FAI,ANC,737-900E,N483AS,,AS,Alaska Airlines
VISOPS,PAXGATEDEPARTURE,2025-02-18,2099,2025-02-19T05:59:00Z,LAX,LAS,E175,N649QX,,QX,Horizon Airlines
VISOPS,PAXGATEDEPARTURE,2025-02-18,955,2025-02-19T05:59:00Z,SEA,PDX,737-900R,N270AK,,AS,Alaska Airlines
VISOPS,PAXGATEDEPARTURE,2025-02-18,3472,2025-02-19T05:59:00Z,PDX,GEG,E175,N188SY,,OO,SkyWest
VISOPS,PAXGATEDEPARTURE,2025-02-18,143,2025-02-19T05:59:00Z,SEA,ANC,737-M9E,N934AK,,AS,Alaska Airlines
OPS360,GATEOUT,2025-02-18,9990,2025-02-19T06:05:00Z,PAE,SEA,E175,N644QX,,QX,Horizon Airlines
VISOPS,PAXGATEDEPARTURE,2025-02-18,2057,2025-02-19T06:14:00Z,PDX,RDM,E175,N633QX,,QX,Horizon Airlines
VISOPS,GATEOUT,2025-02-18,1020,2025-02-19T06:14:00Z,SAN,MCO,737-M9E,N938AK,,AS,Alaska Airlines
OPS360,PAXGATEDEPARTURE,2025-02-18,2370,2025-02-19T06:15:00Z,PDX,MFR,E175,N641QX,,QX,Horizon Airlines
VISOPS,PAXGATEDEPARTURE,2025-02-18,959,2025-02-19T06:41:00Z,SEA,GEG,737-900W,N307AS,,AS,Alaska Airlines
OPS360,GATEOUT,2025-02-18,2461,2025-02-19T06:43:00Z,SEA,MFR,E175,N632QX,,QX,Horizon Airlines
VISOPS,PAXGATEDEPARTURE,2025-02-18,3333,2025-02-19T06:45:00Z,SEA,EUG,E175,N414SY,,OO,SkyWest
OPS360,PAXGATEDEPARTURE,2025-02-18,2364,2025-02-19T06:45:00Z,SEA,PUW,E175,N637QX,,QX,Horizon Airlines
VISOPS,PAXGATEDEPARTURE,2025-02-18,3307,2025-02-19T06:47:00Z,SEA,YVR,E175,N430SY,,OO,SkyWest
VISOPS,GATEIN,2025-02-18,2068,2025-02-19T06:58:00Z,FAI,ANC,E175,N635QX,,QX,Horizon Airlines
VISOPS,PAXGATEDEPARTURE,2025-02-18,2129,2025-02-19T06:59:00Z,SEA,PSC,E175,N646QX,,QX,Horizon Airlines
VISOPS,PAXGATEDEPARTURE,2025-02-18,957,2025-02-19T06:59:00Z,SEA,PDX,737-900E,N409AS,,AS,Alaska Airlines
OPS360,PAXGATEDEPARTURE,2025-02-18,2027,2025-02-19T07:00:00Z,SEA,ALW,E175,N659QX,,QX,Horizon Airlines
VISOPS,PAXGATEDEPARTURE,2025-02-18,2066,2025-02-19T07:00:00Z,SEA,RDM,E175,N636QX,,QX,Horizon Airlines
VISOPS,PAXGATEDEPARTURE,2025-02-18,1372,2025-02-19T07:04:00Z,LAX,LIR,737-M8E,N805AK,,AS,Alaska Airlines
VISOPS,PAXGATEDEPARTURE,2025-02-18,3419,2025-02-19T07:08:00Z,SEA,BLI,E175,N400SY,,OO,SkyWest
VISOPS,PAXGATEDEPARTURE,2025-02-18,225,2025-02-19T07:10:00Z,SEA,ANC,737-900E,N440AS,,AS,Alaska Airlines
VISOPS,BAGCAROUSEL,2025-02-18,755,2025-02-19T07:10:00Z,KOA,ANC,737-M9E,N941AK,,AS,Alaska Airlines
OPS360,PAXGATEDEPARTURE,2025-02-18,2172,2025-02-19T07:12:00Z,SEA,YKM,E175,N650QX,,QX,Horizon Airlines
OPS360,PAXGATEDEPARTURE,2025-02-18,2246,2025-02-19T07:15:00Z,SEA,EAT,E175,N651QX,,QX,Horizon Airlines
VISOPS,PAXGATEDEPARTURE,2025-02-18,223,2025-02-19T07:25:00Z,SEA,FAI,737-M9E,N949AK,,AS,Alaska Airlines
VISOPS,GATEIN,2025-02-18,828,2025-02-19T07:45:00Z,HNL,ANC,737-M9E,N978AK,,AS,Alaska Airlines
VISOPS,GATEIN,2025-02-18,7095,2025-02-19T07:55:00Z,SEA,ANC,737-700F,N625AS,,AS,Alaska Airlines
VISOPS,PAXGATEDEPARTURE,2025-02-18,1322,2025-02-19T07:59:00Z,LAX,GDL,737-M9E,N716AL,,AS,Alaska Airlines
VISOPS,PAXGATEDEPARTURE,2025-02-18,576,2025-02-19T07:59:00Z,SEA,DFW,737-M9E,N969AK,,AS,Alaska Airlines
VISOPS,AIRCRAFT,2025-02-18,68,2025-02-19T08:12:00Z,ANC,PHX,737-M9E,N703AL,,AS,Alaska Airlines
VISOPS,PAXGATEDEPARTURE,2025-02-18,1068,2025-02-19T08:17:00Z,ANC,FAI,737-800,N528AS,,AS,Alaska Airlines
VISOPS,GATEIN,2025-02-18,802,2025-02-19T08:21:00Z,HNL,SEA,737-M9E,N917AK,,AS,Alaska Airlines
VISOPS,GATEIN,2025-02-18,814,2025-02-19T08:31:00Z,OGG,SEA,737-M9E,N966AK,,AS,Alaska Airlines
VISOPS,PAXGATEARRIVAL,2025-02-18,880,2025-02-19T09:02:00Z,KOA,SEA,737-900E,N467AS,,AS,Alaska Airlines
VISOPS,GATEIN,2025-02-18,892,2025-02-19T09:15:00Z,HNL,SAN,737-900E,N471AS,,AS,Alaska Airlines
VISOPS,PAXGATEARRIVAL,2025-02-18,810,2025-02-19T09:26:00Z,LIH,SEA,737-800E,N562AS,,AS,Alaska Airlines
VISOPS,PAXGATEARRIVAL,2025-02-18,893,2025-02-19T09:55:00Z,HNL,SEA,737-900E,N428AS,,AS,Alaska Airlines
